date;speed;78;64011;64022;64033;64044;delta64011;delta64022;delta64033;delta64044;vodo;lat;lon;dir;alt;engine_speed;distance_gps;201;202;203;204;210;211;212;213;214;215;ain1;ain2
2022-08-10 13:19:41.000;0;73984059043792662;199;406;449;438;0;0;0;0;;52.3422399;30.9185483;211;116;0;0;2543;0;3215;0;1761;0;4119;0;2302;0;x;
2022-08-10 13:19:44.000;0;73984059043793643;202;406;449;438;3;0;0;0;;52.3422399;30.9185483;211;116;0;0;2545;0;3216;0;1761;0;4119;0;2302;0;x;
2022-08-10 13:19:47.000;0;73984059043794570;206;406;449;438;4;0;0;0;;52.3422399;30.9185483;211;116;0;0;2545;0;3216;0;1762;0;4120;0;2302;0;x;
2022-08-10 13:19:50.000;0;73984059312244678;263;406;450;438;57;0;1;0;;52.3422399;30.9185483;211;116;0;0;2547;0;3217;0;1762;0;4120;0;2303;0;x;
2022-08-10 13:19:53.000;0;73984059312244678;263;406;450;438;0;0;0;0;;52.3422399;30.9185483;211;116;0;0;2547;0;3217;0;1762;0;4120;0;2303;0;x;
2022-08-10 13:19:56.000;0;73984059312244678;263;406;450;438;0;0;0;0;;52.3422399;30.9185483;211;116;0;0;2548;0;3218;0;1762;0;4120;0;2303;0;x;
2022-08-10 13:19:59.000;0;73984059312244678;263;406;450;438;0;0;0;0;;52.3422399;30.9185483;211;116;0;0;2550;0;3218;0;1762;0;4120;0;2303;0;x;
2022-08-10 13:20:02.000;0;73988457358755801;263;406;450;439;0;0;0;1;;52.3422399;30.9185483;211;116;0;0;2550;0;3219;0;1762;0;4121;0;2303;0;x;
2022-08-10 13:20:05.000;0;73988457358757659;271;406;450;439;8;0;0;0;;52.3422399;30.9185483;211;116;0;0;2552;0;3220;0;1762;0;4121;0;2303;0;x;
2022-08-10 13:20:08.000;0;73992855405269308;273;406;450;440;2;0;0;1;;52.3422399;30.9185483;211;116;0;0;2552;0;3220;0;1763;0;4121;0;2303;0;x;
2022-08-10 13:20:11.000;0;73992855673705108;274;406;451;440;1;0;1;0;;52.3422399;30.9185483;211;116;0;0;2554;0;3221;0;1763;0;4121;0;2303;0;x;
2022-08-10 13:20:14.000;0;73992855673705108;274;406;451;440;0;0;0;0;;52.3422399;30.9185483;211;116;0;0;2554;0;3221;0;1763;0;4121;0;2303;0;x;
2022-08-10 13:20:17.000;0;73992855673705108;274;406;451;440;0;0;0;0;;52.3422399;30.9185483;211;116;0;0;2556;0;3222;0;1763;0;4121;0;2303;0;x;
2022-08-10 13:20:20.000;0;73992855673705108;274;406;451;440;0;0;0;0;;52.3422399;30.9185483;211;116;0;0;2557;0;3222;0;1763;0;4122;0;2303;0;x;
2022-08-10 13:20:23.000;0;73992855673705108;274;406;451;440;0;0;0;0;;52.3422399;30.9185483;211;116;0;0;2557;0;3223;0;1764;0;4122;0;2303;0;x;
2022-08-10 13:20:26.000;0;73992855673705108;274;406;451;440;0;0;0;0;;52.3422399;30.9185483;211;116;0;0;2559;0;3223;0;1764;0;4122;0;2303;0;x;
2022-08-10 13:20:29.000;0;73992855673705108;274;406;451;440;0;0;0;0;;52.3422399;30.9185483;211;116;0;0;2559;0;3223;0;1764;0;4123;0;2303;0;x;
2022-08-10 13:20:32.000;0;73992855673705108;274;406;451;440;0;0;0;0;;52.3422399;30.9185483;211;116;0;0;2561;0;3224;0;1764;0;4123;0;2303;0;x;
2022-08-10 13:20:35.000;0;0;0;0;0;0;-274;-406;-451;-440;;52.3422399;30.9185483;211;116;0;0;2561;0;3224;0;1764;0;4123;0;2304;0;x;
2022-08-10 13:20:38.000;0;73992855673705108;274;406;451;440;274;406;451;440;;52.3422399;30.9185483;211;116;0;0;2562;0;3225;0;1764;0;4123;0;2304;0;x;
2022-08-10 13:20:41.000;0;73997253720218185;282;406;451;441;8;0;0;1;;52.3422399;30.9185483;211;116;0;0;2562;0;3225;0;1764;0;4123;0;2304;0;x;
2022-08-10 13:20:44.000;0;73997253720219785;288;406;451;441;6;0;0;0;;52.3422399;30.9185483;211;116;0;0;2564;0;3226;0;1765;0;4123;0;2304;0;x;
2022-08-10 13:20:47.000;0;73997253720224424;306;406;451;441;18;0;0;0;;52.3422399;30.9185483;211;116;0;0;2566;0;3226;0;1765;0;4124;0;2304;0;x;
2022-08-10 13:20:50.000;0;73997253720229005;324;406;451;441;18;0;0;0;;52.3422399;30.9185483;211;116;0;0;2566;0;3227;0;1765;0;4124;0;2304;0;x;
2022-08-10 13:20:53.000;0;74001651766743120;336;406;451;442;12;0;0;1;;52.3421650;30.9184366;213;117;0;0.01127;2568;0;3228;0;1765;0;4124;0;2304;0;x;
2022-08-10 13:20:56.000;0;74001651766743310;337;406;451;442;1;0;0;0;;52.3421533;30.9184250;214;117;0;0.001521;2568;0;3228;0;1765;0;4124;0;2304;0;x;
2022-08-10 13:20:59.000;0;74001651766743788;338;406;451;442;1;0;0;0;;52.3421533;30.9184250;214;117;0;0;2570;0;3229;0;1765;0;4124;0;2304;0;x;
2022-08-10 13:21:02.000;0;74001651766743986;339;406;451;442;1;0;0;0;;52.3421533;30.9184250;214;117;0;0;2570;0;3229;0;1765;0;4125;0;2304;0;x;
2022-08-10 13:21:05.000;0;74001651766743986;339;406;451;442;0;0;0;0;;52.3421533;30.9184250;214;117;0;0;2571;0;3230;0;1766;0;4125;0;2304;0;x;
2022-08-10 13:21:08.000;4;74001651766744717;342;406;451;442;3;0;0;0;;52.3420716;30.9183216;215;118;0;0.011487;2574;0;3230;0;1766;0;4126;0;2305;0;x;
2022-08-10 13:21:11.000;4;74001651766745548;345;406;451;442;3;0;0;0;;52.3420450;30.9182916;211;118;0;0.003593;2574;0;3232;0;1767;0;4128;0;2305;0;x;
2022-08-10 13:21:14.000;4;74001651766746541;349;406;451;442;4;0;0;0;;52.3420183;30.9182600;215;118;0;0.003665;2577;0;3235;0;1767;0;4128;0;2306;0;x;
2022-08-10 13:21:17.000;4;74001651766747916;355;406;451;442;6;0;0;0;;52.3419916;30.9182250;213;118;0;0.003805;2577;0;3235;0;1768;0;4129;0;2306;0;x;
2022-08-10 13:21:20.000;4;74001651766748723;358;406;451;442;3;0;0;0;;52.3419666;30.9181900;213;118;0;0.003659;2580;0;3237;0;1768;0;4129;0;2306;0;x;
2022-08-10 13:21:23.000;4;74001651767012011;362;407;451;442;4;1;0;0;;52.3419416;30.9181633;215;118;0;0.00332;2580;0;3237;0;1769;0;4131;0;2307;0;x;
2022-08-10 13:21:26.000;0;74001651767013268;367;407;451;442;5;0;0;0;;52.3419250;30.9181416;212;118;0;0.002363;2582;0;3239;0;1770;0;4131;0;2307;0;x;
2022-08-10 13:21:29.000;0;74001652572321036;373;407;454;442;6;0;3;0;;52.3419233;30.9181400;212;118;0;0.000218;2584;0;3239;0;1770;0;4131;0;2307;0;x;
2022-08-10 13:21:32.000;0;74001652572321518;374;407;454;442;1;0;0;0;;52.3419233;30.9181400;212;118;0;0;2584;0;3240;0;1770;0;4132;0;2307;0;x;
2022-08-10 13:21:35.000;0;74001652572321518;374;407;454;442;0;0;0;0;;52.3419233;30.9181400;212;118;0;0;2586;0;3240;0;1770;0;4132;0;2307;0;x;
2022-08-10 13:21:38.000;0;74001652572321518;374;407;454;442;0;0;0;0;;52.3419233;30.9181400;212;118;0;0;2586;0;3241;0;1770;0;4132;0;2307;0;x;
2022-08-10 13:21:41.000;0;74001652727772852;374;1000;454;442;0;593;0;0;;52.3419233;30.9181400;212;118;0;0;2588;0;3241;0;1770;0;4132;0;2307;0;x;
2022-08-10 13:21:44.000;0;74001652572321518;374;407;454;442;0;-593;0;0;;52.3419233;30.9181400;212;118;0;0;2588;0;3241;0;1771;0;4133;0;2307;0;x;
2022-08-10 13:21:47.000;0;74001652572321712;375;407;454;442;1;0;0;0;;52.3419233;30.9181400;212;118;0;0;2589;0;3242;0;1771;0;4133;0;2307;0;x;
2022-08-10 13:21:50.000;6;74006050618835898;387;407;454;443;12;0;0;1;;52.3418916;30.9181033;216;118;0;0.004319;2591;0;3242;0;1771;0;4133;0;2308;0;x;
2022-08-10 13:21:53.000;6;74014846711859812;394;407;454;445;7;0;0;2;;52.3418533;30.9180566;212;118;0;0.005312;2591;0;3243;0;1771;0;4133;0;2308;0;x;
2022-08-10 13:21:56.000;6;74014846712127577;416;408;454;445;22;1;0;0;;52.3418133;30.9180150;212;119;0;0.005271;2593;0;3244;0;1771;0;4133;0;2308;0;x;
2022-08-10 13:21:59.000;6;74014846712129156;422;408;454;445;6;0;0;0;;52.3417716;30.9179733;216;119;0;0.005435;2593;0;3244;0;1772;0;4134;0;2308;0;x;
2022-08-10 13:22:02.000;7;74014846712129989;425;408;454;445;3;0;0;0;;52.3417333;30.9179266;213;118;0;0.005312;2595;0;3246;0;1772;0;4134;0;2308;0;x;
2022-08-10 13:22:05.000;7;74014846712394525;435;409;454;445;10;1;0;0;;52.3416850;30.9178816;210;120;0;0.006182;2595;0;3246;0;1772;0;4135;0;2308;0;x;
2022-08-10 13:22:08.000;8;74019244758908195;445;409;454;446;10;0;0;1;;52.3416333;30.9178283;211;120;0;0.006796;2597;0;3247;0;1773;0;4135;0;2308;0;x;
2022-08-10 13:22:11.000;8;74019244758912133;460;409;454;446;15;0;0;0;;52.3415800;30.9177683;219;120;0;0.007195;2599;0;3247;0;1773;0;4136;0;2309;0;x;
2022-08-10 13:22:14.000;8;74019244759178507;477;410;454;446;17;1;0;0;;52.3415300;30.9177116;211;120;0;0.006766;2599;0;3248;0;1773;0;4136;0;2309;0;x;
2022-08-10 13:22:17.000;9;74019244759446098;498;411;454;446;21;1;0;0;;52.3414733;30.9176550;216;120;0;0.007387;2601;0;3248;0;1773;0;4136;0;2309;0;x;
2022-08-10 13:22:20.000;9;74019244759714290;521;412;454;446;23;1;0;0;;52.3414166;30.9175900;213;121;0;0.0077;2601;0;3249;0;1773;0;4136;0;2309;0;x;
2022-08-10 13:22:23.000;9;74019244759981163;540;413;454;446;19;1;0;0;;52.3413550;30.9175250;212;121;0;0.008152;2603;0;3250;0;1773;0;4136;0;2309;0;x;
2022-08-10 13:22:26.000;9;74019244759986411;560;413;454;446;20;0;0;0;;52.3412950;30.9174633;207;121;0;0.007881;2603;0;3250;0;1774;0;4137;0;2309;0;x;
2022-08-10 13:22:29.000;6;74019244760260733;608;414;454;446;48;1;0;0;;52.3412450;30.9174100;226;121;0;0.006637;2605;0;3251;0;1774;0;4137;0;2309;0;x;
2022-08-10 13:22:32.000;0;74019245028699688;622;414;455;446;14;0;1;0;;52.3412283;30.9173800;228;120;0;0.002758;2605;0;3251;0;1774;0;4137;0;2309;0;x;
2022-08-10 13:22:32.050;0;74019245028963568;628;415;455;446;6;1;0;0;;52.3412283;30.9173800;228;120;0;0;2605;0;3251;0;1774;0;4137;0;2309;0;x;
2022-08-10 13:22:35.000;0;74019247176448979;635;415;463;446;7;0;8;0;;52.3412300;30.9173800;228;120;0;0.000189;2606;0;3252;0;1774;0;4137;0;2309;0;x;
2022-08-10 13:22:36.000;0;74019247176448979;635;415;463;446;0;0;0;0;;52.3412300;30.9173800;228;120;0;0;2606;0;3252;0;1774;0;4138;0;2309;0;x;
2022-08-10 13:22:38.000;0;74019247176448979;635;415;463;446;0;0;0;0;;52.3412300;30.9173800;228;120;0;0;2608;0;3252;0;1774;0;4138;0;2309;0;x;
2022-08-10 13:22:41.000;0;74019247176448979;635;415;463;446;0;0;0;0;;52.3412300;30.9173800;228;120;0;0;2608;0;3253;0;1774;0;4138;0;2309;0;x;
2022-08-10 13:22:44.000;0;74019247176448979;635;415;463;446;0;0;0;0;;52.3412300;30.9173800;228;120;0;0;2610;0;3254;0;1774;0;4138;0;2309;0;x;
2022-08-10 13:22:47.000;0;74019247176448979;635;415;463;446;0;0;0;0;;52.3412300;30.9173800;228;120;0;0;2610;0;3254;0;1775;0;4138;0;2309;0;x;
2022-08-10 13:22:50.000;0;74019247176448979;635;415;463;446;0;0;0;0;;52.3412300;30.9173800;228;120;0;0;2612;0;3255;0;1775;0;4138;0;2309;0;x;
2022-08-10 13:22:53.000;0;74019247330065267;635;1001;463;446;0;586;0;0;;52.3412300;30.9173800;228;120;0;0;2612;0;3255;0;1775;0;4139;0;2309;0;x;
2022-08-10 13:22:56.000;0;74019247176448979;635;415;463;446;0;-586;0;0;;52.3412300;30.9173800;228;120;0;0;2614;0;3256;0;1775;0;4139;0;2309;0;x;
2022-08-10 13:22:59.000;0;74019247176448979;635;415;463;446;0;0;0;0;;52.3412300;30.9173800;228;120;0;0;2615;0;3256;0;1775;0;4139;0;2310;0;x;
2022-08-10 13:23:02.000;0;74019247176449772;638;415;463;446;3;0;0;0;;52.3412300;30.9173800;228;120;0;0;2615;0;3257;0;1776;0;4140;0;2310;0;x;
2022-08-10 13:23:03.000;9;74023645222961606;641;415;463;447;3;0;0;1;;52.3412150;30.9173116;252;121;0;0.004938;2615;0;3257;0;1776;0;4140;0;2310;0;x;
2022-08-10 13:23:06.000;16;74045635456309751;665;418;463;452;24;3;0;5;;52.3412433;30.9171500;308;121;0;0.011424;2617;0;3260;0;1776;0;4140;0;2310;0;x;
2022-08-10 13:23:09.000;17;74045635459198280;685;429;463;452;20;11;0;0;;52.3413183;30.9169750;303;121;0;0.014526;2617;0;3260;0;1778;0;4144;0;2312;0;x;
2022-08-10 13:23:10.000;17;74045635727897307;690;430;464;452;5;1;1;0;;52.3413416;30.9169200;305;121;0;0.004548;2620;0;3260;0;1778;0;4144;0;2312;0;x;
2022-08-10 13:23:13.000;24;74045635727899161;698;430;464;452;8;0;0;0;;52.3414366;30.9167133;308;121;0;0.017577;2620;0;3262;0;1778;0;4147;0;2312;0;x;
2022-08-10 13:23:16.000;32;74058829867434844;707;430;464;455;9;0;0;3;;52.3415650;30.9164350;305;121;0;0.023698;2622;0;3267;0;1778;0;4147;0;2314;0;x;
2022-08-10 13:23:19.000;38;74072024007232096;714;431;464;458;7;1;0;3;;52.3417300;30.9160700;305;122;0;0.030855;2622;0;3267;0;1781;0;4156;0;2318;0;x;
2022-08-10 13:23:22.000;42;74076422054010488;734;432;464;459;20;1;0;1;;52.3419133;30.9156633;302;122;0;0.034343;2626;0;3273;0;1781;0;4156;0;2318;0;x;
2022-08-10 13:23:25.000;43;74076422054016037;756;432;464;459;22;0;0;0;;52.3421200;30.9152233;306;120;0;0.037717;2626;0;3273;0;1785;0;4164;0;2323;0;x;
2022-08-10 13:23:28.000;42;74076422054023893;786;432;464;459;30;0;0;0;;52.3423083;30.9147850;305;119;0;0.03641;2629;0;3276;0;1786;0;4164;0;2323;0;x;
2022-08-10 13:23:31.000;41;74076422322461119;793;432;465;459;7;0;1;0;;52.3424716;30.9143666;303;120;0;0.033738;2632;0;3276;0;1786;0;4165;0;2323;0;x;
2022-08-10 13:23:34.000;39;74076422590898943;802;432;466;459;9;0;1;0;;52.3426350;30.9139833;303;119;0;0.03176;2632;0;3278;0;1787;0;4166;0;2323;0;x;
2022-08-10 13:23:37.000;38;74076422859598254;809;433;467;459;7;1;1;0;;52.3427999;30.9136183;304;121;0;0.030847;2634;0;3280;0;1787;0;4166;0;2324;0;x;
2022-08-10 13:23:40.000;37;74076422859601708;823;433;467;459;14;0;0;0;;52.3429600;30.9132433;302;123;0;0.031088;2634;0;3280;0;1787;0;4167;0;2324;0;x;
2022-08-10 13:23:43.000;37;74076423128043899;849;433;468;459;26;0;1;0;;52.3431216;30.9128950;307;123;0;0.029719;2636;0;3282;0;1787;0;4167;0;2324;0;x;
2022-08-10 13:23:46.000;37;74076423128050619;875;433;468;459;26;0;0;0;;52.3432750;30.9125300;302;124;0;0.030104;2636;0;3282;0;1788;0;4169;0;2325;0;x;
2022-08-10 13:23:49.000;36;74076423128052056;881;433;468;459;6;0;0;0;;52.3434350;30.9121666;306;123;0;0.030438;2639;0;3284;0;1789;0;4169;0;2325;0;x;
2022-08-10 13:23:52.000;35;74076423128053049;885;433;468;459;4;0;0;0;;52.3435966;30.9118233;307;122;0;0.029449;2641;0;3284;0;1789;0;4170;0;2325;0;x;
2022-08-10 13:23:55.000;31;74076423128054949;892;433;468;459;7;0;0;0;;52.3437500;30.9114966;307;122;0;0.027999;2641;0;3285;0;1789;0;4170;0;2325;0;x;
2022-08-10 13:23:58.000;32;74076423396758665;916;434;469;459;24;1;1;0;;52.3438916;30.9111800;305;121;0;0.026662;2643;0;3285;0;1789;0;4170;0;2325;0;x;
2022-08-10 13:24:01.000;31;74076423396760520;923;434;469;459;7;0;0;0;;52.3440350;30.9108700;307;120;0;0.026422;2643;0;3286;0;1790;0;4172;0;2325;0;x;
2022-08-10 13:24:04.000;33;74076423396762548;931;434;469;459;8;0;0;0;;52.3441800;30.9105466;306;120;0;0.027258;2645;0;3289;0;1790;0;4172;0;2326;0;x;
2022-08-10 13:24:07.000;34;74080821443276618;943;434;469;460;12;0;0;1;;52.3443333;30.9102066;308;120;0;0.028714;2645;0;3289;0;1791;0;4174;0;2327;0;x;
2022-08-10 13:24:10.000;38;74080821443281006;960;434;469;460;17;0;0;0;;52.3444850;30.9098600;306;120;0;0.028972;2647;0;3292;0;1792;0;4174;0;2327;0;x;
2022-08-10 13:24:13.000;42;74085219489793708;966;434;469;461;6;0;0;1;;52.3446716;30.9094450;304;123;0;0.035014;2647;0;3292;0;1792;0;4182;0;2331;0;x;
2022-08-10 13:24:16.000;48;74089617536307603;977;434;469;462;11;0;0;1;;52.3448783;30.9089933;307;123;0;0.038348;2650;0;3298;0;1795;0;4182;0;2331;0;x;
2022-08-10 13:24:19.000;54;74094015583085291;994;435;469;463;17;1;0;1;;52.3451283;30.9085016;309;123;0;0.043468;2653;0;3298;0;1795;0;4195;0;2337;0;x;
2022-08-10 13:24:22.000;55;74098413629879137;51;437;469;464;-943;2;0;1;;52.3454050;30.9079400;308;120;0;0.049024;2653;0;3305;0;1799;0;4201;0;2337;0;x;
2022-08-10 13:24:25.000;52;74098413629881726;61;437;469;464;10;0;0;0;;52.3456616;30.9074733;312;121;0;0.042664;2656;0;3307;0;1799;0;4201;0;2340;0;x;
2022-08-10 13:24:28.000;48;74098414166758094;82;437;471;464;21;0;2;0;;52.3459166;30.9070100;313;119;0;0.042373;2656;0;3307;0;1800;0;4202;0;2340;0;x;
2022-08-10 13:24:31.000;40;74098414703654879;183;437;473;464;101;0;2;0;;52.3461400;30.9066316;312;121;0;0.035756;2659;0;3308;0;1800;0;4202;0;2340;0;x;
2022-08-10 13:24:34.000;37;74098415777660769;191;438;477;464;8;1;4;0;;52.3463533;30.9062816;313;123;0;0.033592;2659;0;3308;0;1800;0;4203;0;2340;0;x;
2022-08-10 13:24:37.000;29;74098416046359810;197;439;478;464;6;1;1;0;;52.3465383;30.9059716;315;125;0;0.029446;2662;0;3310;0;1801;0;4203;0;2340;0;x;
2022-08-10 13:24:40.000;23;74098418193845364;204;439;486;464;7;0;8;0;;52.3466966;30.9058166;318;126;0;0.020516;2663;0;3310;0;1801;0;4203;0;2340;0;x;
2022-08-10 13:24:43.000;17;74098419536029232;230;439;491;464;26;0;5;0;;52.3467466;30.9057033;312;123;0;0.009497;2663;0;3310;0;1801;0;4204;0;2340;0;x;
2022-08-10 13:24:46.000;24;74116011722077166;243;439;491;468;13;0;0;4;;52.3468400;30.9055133;314;122;0;0.016571;2665;0;3314;0;1801;0;4204;0;2341;0;x;
2022-08-10 13:24:49.000;34;74129205861611248;246;439;491;471;3;0;0;3;;52.3469700;30.9052466;310;120;0;0.023183;2665;0;3314;0;1803;0;4213;0;2341;0;x;
2022-08-10 13:24:52.000;42;74151196094166903;247;439;491;476;1;0;0;5;;52.3471416;30.9048916;312;120;0;0.030759;2668;0;3321;0;1803;0;4213;0;2346;0;x;
2022-08-10 13:24:55.000;46;74168788280474386;251;440;491;480;4;1;0;4;;52.3473600;30.9044833;310;121;0;0.036874;2668;0;3321;0;1807;0;4226;0;2354;0;x;
2022-08-10 13:24:58.000;45;74168788280476222;258;440;491;480;7;0;0;0;;52.3475883;30.9040516;312;123;0;0.038796;2672;0;3327;0;1811;0;4226;0;2354;0;x;
2022-08-10 13:25:01.000;44;74173186326990848;272;440;491;481;14;0;0;1;;52.3478250;30.9036266;311;123;0;0.039077;2675;0;3327;0;1811;0;4231;0;2356;0;x;
2022-08-10 13:25:04.000;43;74173186595426737;273;440;492;481;1;0;1;0;;52.3480516;30.9032316;313;123;0;0.036817;2675;0;3329;0;1812;0;4234;0;2356;0;x;
2022-08-10 13:25:07.000;45;74173186595427085;275;440;492;481;2;0;0;0;;52.3482733;30.9028250;317;124;0;0.03703;2677;0;3329;0;1812;0;4234;0;2357;0;x;
2022-08-10 13:25:08.000;44;74173186595689653;276;441;492;481;1;1;0;0;;52.3483650;30.9027200;323;124;0;0.012447;2677;0;3334;0;1814;0;4234;0;2357;0;x;
2022-08-10 13:25:11.000;50;74173186598049732;279;450;492;481;3;9;0;0;;52.3486966;30.9024850;342;124;0;0.04019;2677;0;3334;0;1814;0;4241;0;2361;0;x;
2022-08-10 13:25:13.000;51;74177584646660423;289;458;492;482;10;8;0;1;;52.3489583;30.9024000;344;125;0;0.029675;2680;0;3339;0;1814;0;4241;0;2361;0;x;
2022-08-10 13:25:16.000;52;74177584646662969;299;458;492;482;10;0;0;0;;52.3493350;30.9022366;344;123;0;0.043345;2680;0;3339;0;1817;0;4248;0;2365;0;x;
2022-08-10 13:25:19.000;55;74177584646666520;313;458;492;482;14;0;0;0;;52.3497433;30.9020383;342;122;0;0.04737;2684;0;3345;0;1820;0;4248;0;2365;0;x;
2022-08-10 13:25:22.000;56;74177584646929730;317;459;492;482;4;1;0;0;;52.3501366;30.9018433;344;124;0;0.045707;2687;0;3345;0;1820;0;4257;0;2370;0;x;
2022-08-10 13:25:25.000;55;74177584647194171;326;460;492;482;9;1;0;0;;52.3505533;30.9016783;342;127;0;0.047684;2687;0;3350;0;1823;0;4257;0;2370;0;x;
2022-08-10 13:25:28.000;55;74177584915615863;272;460;493;482;-54;0;1;0;;52.3509350;30.9014533;342;128;0;0.045123;2691;0;3350;0;1823;0;4262;0;2373;0;x;
2022-08-10 13:25:31.000;56;74177584915617096;277;460;493;482;5;0;0;0;;52.3512016;30.9013033;336;127;0;0.031355;2691;0;3355;0;1826;0;4268;0;2373;0;x;
2022-08-10 13:25:33.000;55;74177584917715183;280;468;493;482;3;8;0;0;;52.3515500;30.9008966;320;128;0;0.047593;2694;0;3355;0;1826;0;4268;0;2377;0;x;
2022-08-10 13:25:35.000;56;74177584920338395;287;478;493;482;7;10;0;0;;52.3517366;30.9005750;313;127;0;0.030135;2694;0;3360;0;1829;0;4268;0;2377;0;x;
2022-08-10 13:25:38.000;52;74177584921649624;289;483;493;482;2;5;0;0;;52.3519800;30.9000233;303;126;0;0.046236;2698;0;3360;0;1829;0;4275;0;2381;0;x;
2022-08-10 13:25:41.000;56;74177584921912600;293;484;493;482;4;1;0;0;;52.3522116;30.8994100;299;125;0;0.048986;2698;0;3366;0;1832;0;4275;0;2381;0;x;
2022-08-10 13:25:44.000;54;74177584921914119;299;484;493;482;6;0;0;0;;52.3523883;30.8987466;292;123;0;0.049169;2701;0;3366;0;1832;0;4281;0;2384;0;x;
2022-08-10 13:25:47.000;52;74177584921917031;310;484;493;482;11;0;0;0;;52.3525450;30.8981283;292;123;0;0.045478;2701;0;3370;0;1835;0;4286;0;2384;0;x;
2022-08-10 13:25:50.000;55;74177584921918791;317;484;493;482;7;0;0;0;;52.3527183;30.8975033;296;121;0;0.046631;2705;0;3375;0;1835;0;4286;0;2387;0;x;
2022-08-10 13:25:53.000;56;74177584921920547;324;484;493;482;7;0;0;0;;52.3529166;30.8968900;300;119;0;0.047143;2705;0;3375;0;1838;0;4293;0;2391;0;x;
2022-08-10 13:25:56.000;57;74177584922183867;328;485;493;482;4;1;0;0;;52.3531450;30.8962350;303;115;0;0.051239;2708;0;3381;0;1842;0;4293;0;2391;0;x;
2022-08-10 13:25:58.000;57;74177584922185092;333;485;493;482;5;0;0;0;;52.3532400;30.8960433;308;115;0;0.016771;2708;0;3381;0;1842;0;4300;0;2391;0;x;
2022-08-10 13:26:00.000;58;74177584924021056;337;492;493;482;4;7;0;0;;52.3535566;30.8955783;319;117;0;0.047307;2712;0;3381;0;1842;0;4300;0;2396;0;x;
2022-08-10 13:26:02.000;57;74177584924808556;341;495;493;482;4;3;0;0;;52.3537800;30.8952850;317;120;0;0.03185;2712;0;3387;0;1846;0;4300;0;2396;0;x;
2022-08-10 13:26:04.000;59;74177584925071466;344;496;493;482;3;1;0;0;;52.3540083;30.8949366;317;122;0;0.034713;2712;0;3387;0;1846;0;4307;0;2400;0;x;
2022-08-10 13:26:07.000;63;74177585193508663;351;496;494;482;7;0;1;0;;52.3543750;30.8943783;319;124;0;0.055696;2716;0;3393;0;1849;0;4307;0;2400;0;x;
2022-08-10 13:26:10.000;62;74177585193510421;358;496;494;482;7;0;0;0;;52.3547233;30.8938800;318;125;0;0.051446;2720;0;3393;0;1849;0;4314;0;2405;0;x;
2022-08-10 13:26:13.000;62;74177585193511912;363;496;494;482;5;0;0;0;;52.3550866;30.8933583;319;127;0;0.053749;2720;0;3399;0;1853;0;4323;0;2405;0;x;
2022-08-10 13:26:16.000;61;74177585193512841;367;496;494;482;4;0;0;0;;52.3554383;30.8928800;319;126;0;0.050853;2724;0;3405;0;1853;0;4323;0;2410;0;x;
2022-08-10 13:26:19.000;60;74177585193611824;754;496;494;482;387;0;0;0;;52.3557833;30.8923616;318;129;0;0.052083;2724;0;3405;0;1858;0;4332;0;2410;0;x;
2022-08-10 13:26:22.000;60;74177585193613390;760;496;494;482;6;0;0;0;;52.3560983;30.8918783;318;128;0;0.048015;2728;0;3412;0;1858;0;4332;0;2417;0;x;
2022-08-10 13:26:25.000;59;74177585193614383;764;496;494;482;4;0;0;0;;52.3564083;30.8913750;317;126;0;0.048557;2728;0;3412;0;1862;0;4340;0;2421;0;x;
2022-08-10 13:26:28.000;60;74177585193615714;769;496;494;482;5;0;0;0;;52.3567366;30.8908750;318;125;0;0.04987;2731;0;3417;0;1865;0;4340;0;2421;0;x;
2022-08-10 13:26:31.000;60;74177585193880185;778;497;494;482;9;1;0;0;;52.3570750;30.8903983;319;126;0;0.049652;2735;0;3417;0;1865;0;4346;0;2425;0;x;
2022-08-10 13:26:34.000;62;74177585193881754;784;497;494;482;6;0;0;0;;52.3574416;30.8898966;319;126;0;0.053142;2735;0;3423;0;1869;0;4346;0;2425;0;x;
2022-08-10 13:26:37.000;61;74177585193882488;787;497;494;482;3;0;0;0;;52.3577333;30.8894000;317;126;0;0.046804;2739;0;3423;0;1869;0;4353;0;2430;0;x;
2022-08-10 13:26:40.000;62;74177585193884388;794;497;494;482;7;0;0;0;;52.3580566;30.8889050;319;124;0;0.049231;2739;0;3429;0;1872;0;4360;0;2430;0;x;
2022-08-10 13:26:43.000;58;74177585193886074;801;497;494;482;7;0;0;0;;52.3583650;30.8884400;317;125;0;0.04663;2743;0;3434;0;1872;0;4360;0;2434;0;x;
2022-08-10 13:26:46.000;59;74177585193887481;806;497;494;482;5;0;0;0;;52.3587100;30.8880133;315;130;0;0.04809;2743;0;3434;0;1876;0;4367;0;2438;0;x;
2022-08-10 13:26:49.000;60;74177585193889339;814;497;494;482;8;0;0;0;;52.3591233;30.8874266;317;130;0;0.06084;2747;0;3440;0;1880;0;4367;0;2438;0;x;
2022-08-10 13:26:52.000;63;74177585193891642;823;497;494;482;9;0;0;0;;52.3595100;30.8869233;317;131;0;0.054943;2747;0;3440;0;1880;0;4375;0;2443;0;x;
2022-08-10 13:26:55.000;63;74177585193892551;826;497;494;482;3;0;0;0;;52.3598516;30.8863566;317;131;0;0.054087;2751;0;3446;0;1884;0;4375;0;2443;0;x;
2022-08-10 13:26:58.000;64;74177585462329068;830;497;495;482;4;0;1;0;;52.3601983;30.8857866;316;128;0;0.054645;2754;0;3446;0;1884;0;4382;0;2448;0;x;
2022-08-10 13:27:01.000;60;74177585462330039;834;497;495;482;4;0;0;0;;52.3605183;30.8852900;318;125;0;0.049037;2754;0;3452;0;1888;0;4391;0;2448;0;x;
2022-08-10 13:27:04.000;57;74177585462330474;836;497;495;482;2;0;0;0;;52.3608633;30.8847700;316;120;0;0.052154;2758;0;3459;0;1888;0;4391;0;2454;0;x;
2022-08-10 13:27:07.000;57;74177585462331593;840;497;495;482;4;0;0;0;;52.3612066;30.8842733;314;114;0;0.050954;2758;0;3459;0;1893;0;4400;0;2460;0;x;
2022-08-10 13:27:10.000;56;74177585462332584;844;497;495;482;4;0;0;0;;52.3615416;30.8837333;311;108;0;0.052285;2762;0;3466;0;1893;0;4400;0;2460;0;x;
2022-08-10 13:27:13.000;58;74177585462332948;846;497;495;482;2;0;0;0;;52.3619066;30.8832383;316;109;0;0.052712;2762;0;3466;0;1897;0;4410;0;2467;0;x;
2022-08-10 13:27:16.000;61;74181983508845015;849;497;495;483;3;0;0;1;;52.3622450;30.8826816;319;110;0;0.053352;2766;0;3472;0;1902;0;4410;0;2467;0;x;
2022-08-10 13:27:19.000;61;74181983508847988;861;497;495;483;12;0;0;0;;52.3626283;30.8821866;317;107;0;0.054295;2771;0;3472;0;1902;0;4418;0;2472;0;x;
2022-08-10 13:27:22.000;64;74181983508849001;865;497;495;483;4;0;0;0;;52.3630066;30.8816666;316;111;0;0.054935;2771;0;3479;0;1906;0;4428;0;2472;0;x;
2022-08-10 13:27:25.000;65;74181983508851479;875;497;495;483;10;0;0;0;;52.3633966;30.8811083;321;109;0;0.057616;2775;0;3486;0;1906;0;4428;0;2479;0;x;
2022-08-10 13:27:28.000;63;74181983509115321;881;498;495;483;6;1;0;0;;52.3637600;30.8806250;319;111;0;0.05207;2775;0;3486;0;1911;0;4436;0;2479;0;x;
2022-08-10 13:27:31.000;60;74181983509117895;891;498;495;483;10;0;0;0;;52.3640550;30.8800416;309;115;0;0.051446;2779;0;3492;0;1911;0;4436;0;2484;0;x;
2022-08-10 13:27:34.000;61;74181983509642462;892;500;495;483;1;2;0;0;;52.3643183;30.8794016;306;112;0;0.052413;2779;0;3492;0;1915;0;4444;0;2489;0;x;
2022-08-10 13:27:37.000;61;74181983510168606;900;502;495;483;8;2;0;0;;52.3645816;30.8787683;303;112;0;0.052036;2782;0;3498;0;1918;0;4444;0;2489;0;x;
2022-08-10 13:27:40.000;64;74181983510008225;273;502;495;483;-627;0;0;0;;52.3648283;30.8781450;304;111;0;0.050449;2786;0;3498;0;1918;0;4451;0;2494;0;x;
2022-08-10 13:27:43.000;57;74181983510009724;279;502;495;483;6;0;0;0;;52.3651066;30.8775600;310;110;0;0.050367;2786;0;3504;0;1922;0;4459;0;2494;0;x;
2022-08-10 13:27:46.000;64;74181983510010847;283;502;495;483;4;0;0;0;;52.3654033;30.8770066;303;108;0;0.050017;2790;0;3504;0;1922;0;4459;0;2498;0;x;
2022-08-10 13:27:49.000;65;74181983510012669;290;502;495;483;7;0;0;0;;52.3656583;30.8763550;302;108;0;0.052564;2790;0;3510;0;1927;0;4468;0;2505;0;x;
2022-08-10 13:27:52.000;62;74181983510012669;290;502;495;483;0;0;0;0;;52.3659283;30.8756866;305;109;0;0.05443;2794;0;3517;0;1927;0;4468;0;2505;0;x;
2022-08-10 13:27:55.000;64;74181983510012669;290;502;495;483;0;0;0;0;;52.3662333;30.8750766;308;110;0;0.053546;2794;0;3517;0;1932;0;4479;0;2512;0;x;
2022-08-10 13:27:58.000;65;74181983510012960;292;502;495;483;2;0;0;0;;52.3665400;30.8744266;307;112;0;0.05579;2798;0;3524;0;1936;0;4479;0;2512;0;x;
2022-08-10 13:28:01.000;65;74181983510013310;293;502;495;483;1;0;0;0;;52.3668583;30.8737550;309;113;0;0.057739;2798;0;3524;0;1936;0;4488;0;2519;0;x;
2022-08-10 13:28:04.000;65;74181983510013596;294;502;495;483;1;0;0;0;;52.3671683;30.8731316;309;113;0;0.054602;2802;0;3531;0;1941;0;4488;0;2519;0;x;
2022-08-10 13:28:07.000;63;74181983510277337;300;503;495;483;6;1;0;0;;52.3674366;30.8724033;306;110;0;0.057767;2806;0;3531;0;1941;0;4497;0;2524;0;x;
2022-08-10 13:28:10.000;64;74181983510277733;302;503;495;483;2;0;0;0;;52.3676750;30.8717516;301;110;0;0.051595;2806;0;3537;0;1944;0;4501;0;2524;0;x;
2022-08-10 13:28:13.000;61;74181983778713401;303;503;496;483;1;0;1;0;;52.3679416;30.8711550;306;110;0;0.050209;2810;0;3539;0;1944;0;4501;0;2526;0;x;
2022-08-10 13:28:16.000;53;74181983778714375;307;503;496;483;4;0;0;0;;52.3681966;30.8706216;309;110;0;0.046007;2810;0;3539;0;1946;0;4502;0;2527;0;x;
2022-08-10 13:28:19.000;49;74181984047150480;309;503;497;483;2;0;1;0;;52.3684166;30.8701216;304;113;0;0.041855;2814;0;3541;0;1946;0;4502;0;2527;0;x;
2022-08-10 13:28:22.000;46;74181984047150706;310;503;497;483;1;0;0;0;;52.3686283;30.8696683;304;115;0;0.038758;2814;0;3541;0;1947;0;4503;0;2527;0;x;
2022-08-10 13:28:25.000;41;74181984047153417;321;503;497;483;11;0;0;0;;52.3688083;30.8692366;309;118;0;0.035502;2817;0;3543;0;1948;0;4503;0;2527;0;x;
2022-08-10 13:28:28.000;42;74181984047153899;322;503;497;483;1;0;0;0;;52.3690083;30.8688233;305;118;0;0.035814;2820;0;3543;0;1948;0;4504;0;2527;0;x;
2022-08-10 13:28:31.000;42;74181984047154101;323;503;497;483;1;0;0;0;;52.3692000;30.8683416;313;115;0;0.039048;2820;0;3544;0;1948;0;4504;0;2527;0;x;
2022-08-10 13:28:32.000;40;74181984047154101;323;503;497;483;0;0;0;0;;52.3692816;30.8681916;319;116;0;0.013643;2820;0;3544;0;1948;0;4504;0;2528;0;x;
2022-08-10 13:28:34.000;40;74181984048726786;323;509;497;483;0;6;0;0;;52.3694783;30.8680400;336;116;0;0.02418;2822;0;3548;0;1948;0;4504;0;2528;0;x;
2022-08-10 13:28:37.000;42;74181984054757047;326;532;497;483;3;23;0;0;;52.3698183;30.8679800;1;116;0;0.038036;2822;0;3548;0;1950;0;4513;0;2528;0;x;
2022-08-10 13:28:40.000;51;74195178198746885;327;549;497;486;1;17;0;3;;52.3701966;30.8680250;2;117;0;0.042188;2825;0;3554;0;1950;0;4513;0;2533;0;x;
2022-08-10 13:28:41.000;51;74199576245258010;327;549;497;487;0;0;0;1;;52.3701966;30.8680250;2;117;0;0;2825;0;3554;0;1954;0;4513;0;2533;0;x;
2022-08-10 13:28:43.000;54;74203974292145351;772;550;497;488;445;1;0;1;;52.3706066;30.8680750;0;119;0;0.045729;2825;0;3554;0;1954;0;4522;0;2538;0;x;
2022-08-10 13:28:46.000;55;74208372339181021;773;552;497;489;1;2;0;1;;52.3710233;30.8680816;1;121;0;0.04635;2829;0;3560;0;1957;0;4522;0;2538;0;x;
2022-08-10 13:28:49.000;56;74208372339443174;773;553;497;489;0;1;0;0;;52.3714500;30.8680950;4;122;0;0.047469;2832;0;3560;0;1957;0;4530;0;2542;0;x;
2022-08-10 13:28:52.000;59;74208372339443546;775;553;497;489;2;0;0;0;;52.3718900;30.8682116;12;125;0;0.049576;2832;0;3565;0;1961;0;4538;0;2542;0;x;
2022-08-10 13:28:55.000;60;74208372339443546;775;553;497;489;0;0;0;0;;52.3723383;30.8684116;18;123;0;0.051679;2836;0;3565;0;1961;0;4538;0;2547;0;x;
2022-08-10 13:28:58.000;62;74208372339444037;777;553;497;489;2;0;0;0;;52.3727783;30.8687266;25;123;0;0.05341;2836;0;3572;0;1965;0;4546;0;2553;0;x;
2022-08-10 13:29:01.000;62;74208372339444391;778;553;497;489;1;0;0;0;;52.3731900;30.8691150;32;120;0;0.052844;2840;0;3578;0;1965;0;4546;0;2553;0;x;
2022-08-10 13:29:04.000;62;74208372339444729;779;553;497;489;1;0;0;0;;52.3735833;30.8695400;33;119;0;0.052407;2840;0;3578;0;1969;0;4555;0;2558;0;x;
2022-08-10 13:29:07.000;60;74208372608142933;782;554;498;489;3;1;1;0;;52.3739599;30.8699750;37;117;0;0.051255;2844;0;3584;0;1973;0;4555;0;2558;0;x;
2022-08-10 13:29:10.000;57;74208372608143575;784;554;498;489;2;0;0;0;;52.3742833;30.8704683;43;116;0;0.049152;2848;0;3584;0;1973;0;4561;0;2562;0;x;
2022-08-10 13:29:13.000;61;74208372608144872;789;554;498;489;5;0;0;0;;52.3746066;30.8710333;53;113;0;0.052583;2848;0;3590;0;1977;0;4568;0;2562;0;x;
2022-08-10 13:29:16.000;59;74208372608669646;791;556;498;489;2;2;0;0;;52.3748266;30.8716850;61;114;0;0.050567;2852;0;3590;0;1977;0;4568;0;2567;0;x;
2022-08-10 13:29:19.000;57;74208372608932330;793;557;498;489;2;1;0;0;;52.3750183;30.8723216;68;113;0;0.0482;2852;0;3595;0;1980;0;4575;0;2567;0;x;
2022-08-10 13:29:22.000;60;74208372608932694;795;557;498;489;2;0;0;0;;52.3751566;30.8729966;73;114;0;0.048347;2855;0;3601;0;1980;0;4575;0;2571;0;x;
2022-08-10 13:29:25.000;60;74208372609195462;797;558;498;489;2;1;0;0;;52.3752733;30.8737016;74;115;0;0.0496;2855;0;3601;0;1984;0;4583;0;2576;0;x;
2022-08-10 13:29:28.000;59;74208372609457661;797;559;498;489;0;1;0;0;;52.3754066;30.8744350;72;115;0;0.05196;2859;0;3607;0;1987;0;4583;0;2576;0;x;
2022-08-10 13:29:31.000;58;74208372609458690;802;559;498;489;5;0;0;0;;52.3755350;30.8751183;73;112;0;0.048546;2859;0;3607;0;1987;0;4590;0;2580;0;x;
2022-08-10 13:29:34.000;60;74208372877895115;805;559;499;489;3;0;1;0;;52.3756650;30.8758516;72;111;0;0.051849;2863;0;3612;0;1991;0;4590;0;2580;0;x;
2022-08-10 13:29:37.000;58;74208372878158029;808;560;499;489;3;1;0;0;;52.3757933;30.8765900;74;114;0;0.05213;2867;0;3612;0;1991;0;4595;0;2583;0;x;
2022-08-10 13:29:40.000;60;74208372878159020;812;560;499;489;4;0;0;0;;52.3759250;30.8773250;72;118;0;0.052013;2867;0;3617;0;1994;0;4600;0;2583;0;x;
2022-08-10 13:29:43.000;57;74208372878159376;814;560;499;489;2;0;0;0;;52.3759733;30.8780516;82;119;0;0.049629;2870;0;3621;0;1994;0;4600;0;2586;0;x;
2022-08-10 13:29:46.000;50;74208372878160332;817;560;499;489;3;0;0;0;;52.3759916;30.8786233;87;120;0;0.038872;2870;0;3621;0;1995;0;4602;0;2586;0;x;
2022-08-10 13:29:49.000;46;74208372878161139;820;560;499;489;3;0;0;0;;52.3759950;30.8791200;81;119;0;0.033729;2873;0;3622;0;1995;0;4602;0;2586;0;x;
2022-08-10 13:29:50.000;47;74208373147120746;820;562;500;489;0;2;1;0;;52.3760266;30.8793100;74;119;0;0.013371;2873;0;3622;0;1996;0;4602;0;2586;0;x;
2022-08-10 13:29:53.000;41;74208373150004918;822;573;500;489;2;11;0;0;;52.3761533;30.8797950;67;118;0;0.03582;2876;0;3622;0;1996;0;4603;0;2587;0;x;
2022-08-10 13:29:54.000;40;74208373150791359;822;576;500;489;0;3;0;0;;52.3761966;30.8799350;67;117;0;0.010656;2876;0;3624;0;1996;0;4603;0;2587;0;x;
2022-08-10 13:29:57.000;34;74208373150750602;663;576;500;489;-159;0;0;0;;52.3763133;30.8803450;58;117;0;0.030717;2876;0;3624;0;1997;0;4603;0;2587;0;x;
2022-08-10 13:29:58.000;33;74208373687621727;664;576;502;489;1;0;2;0;;52.3763633;30.8804583;48;117;0;0.009493;2878;0;3624;0;1997;0;4603;0;2587;0;x;
2022-08-10 13:30:01.000;41;74212772005451960;664;587;503;490;0;11;1;1;;52.3766133;30.8807150;27;113;0;0.032818;2878;0;3627;0;1998;0;4608;0;2587;0;x;
2022-08-10 13:30:02.000;41;74212772005451960;664;587;503;490;0;0;0;0;;52.3766133;30.8807150;27;113;0;0;2878;0;3627;0;1998;0;4608;0;2590;0;x;
2022-08-10 13:30:04.000;45;74217170053011733;665;591;503;491;1;4;0;1;;52.3769383;30.8808600;17;111;0;0.037465;2881;0;3631;0;1998;0;4608;0;2590;0;x;
2022-08-10 13:30:07.000;47;74221568100290035;589;594;503;492;-76;3;0;1;;52.3772800;30.8810850;23;110;0;0.040962;2881;0;3631;0;2000;0;4613;0;2592;0;x;
2022-08-10 13:30:10.000;49;74221568100552564;591;595;503;492;2;1;0;0;;52.3776233;30.8813400;24;112;0;0.041926;2884;0;3634;0;2000;0;4613;0;2592;0;x;
2022-08-10 13:30:13.000;45;74221568100553236;594;595;503;492;3;0;0;0;;52.3779333;30.8815750;24;113;0;0.037993;2884;0;3634;0;2002;0;4616;0;2593;0;x;
2022-08-10 13:30:16.000;48;74221568100554135;597;595;503;492;3;0;0;0;;52.3782383;30.8818366;24;115;0;0.038293;2887;0;3637;0;2003;0;4616;0;2593;0;x;
2022-08-10 13:30:19.000;48;74221568100554858;600;595;503;492;3;0;0;0;;52.3785516;30.8820200;18;121;0;0.037005;2890;0;3637;0;2003;0;4619;0;2594;0;x;
2022-08-10 13:30:22.000;43;74221568100555478;602;595;503;492;2;0;0;0;;52.3788800;30.8820983;11;120;0;0.036912;2890;0;3640;0;2004;0;4619;0;2594;0;x;
2022-08-10 13:30:25.000;46;74221568100556471;606;595;503;492;4;0;0;0;;52.3791816;30.8822450;17;118;0;0.034993;2892;0;3640;0;2004;0;4619;0;2595;0;x;
2022-08-10 13:30:28.000;42;74221568100557482;610;595;503;492;4;0;0;0;;52.3794866;30.8824050;16;114;0;0.035621;2892;0;3641;0;2005;0;4620;0;2595;0;x;
2022-08-10 13:30:31.000;39;74221568100557482;610;595;503;492;0;0;0;0;;52.3797700;30.8825916;16;109;0;0.033972;2895;0;3642;0;2005;0;4620;0;2595;0;x;
2022-08-10 13:30:34.000;34;74221568100557943;612;595;503;492;2;0;0;0;;52.3800266;30.8827433;13;107;0;0.030342;2895;0;3642;0;2005;0;4621;0;2595;0;x;
2022-08-10 13:30:37.000;31;74221568100559464;618;595;503;492;6;0;0;0;;52.3802816;30.8828166;10;108;0;0.028796;2897;0;3643;0;2006;0;4621;0;2595;0;x;
2022-08-10 13:30:40.000;21;74221569174301541;619;595;507;492;1;0;4;0;;52.3804616;30.8828350;9;109;0;0.02006;2899;0;3643;0;2006;0;4621;0;2595;0;x;
2022-08-10 13:30:43.000;12;74221571053352865;631;595;514;492;12;0;7;0;;52.3805566;30.8828316;6;110;0;0.010569;2899;0;3644;0;2006;0;4621;0;2595;0;x;
2022-08-10 13:30:46.000;15;74225969099871413;660;595;514;493;29;0;0;1;;52.3806749;30.8828516;9;112;0;0.013228;2900;0;3644;0;2006;0;4622;0;2595;0;x;
2022-08-10 13:30:49.000;19;74252357378938628;663;595;514;499;3;0;0;6;;52.3808099;30.8828416;0;113;0;0.015031;2900;0;3647;0;2007;0;4627;0;2595;0;x;
2022-08-10 13:30:52.000;32;74278745658005981;665;595;514;505;2;0;0;6;;52.3810666;30.8829483;12;114;0;0.029456;2903;0;3651;0;2007;0;4627;0;2598;0;x;
2022-08-10 13:30:55.000;37;74300735890563614;674;595;514;510;9;0;0;5;;52.3813816;30.8831266;10;113;0;0.037069;2903;0;3651;0;2009;0;4634;0;2602;0;x;
2022-08-10 13:30:58.000;40;74309531983587714;681;595;514;512;7;0;0;2;;52.3816800;30.8832366;21;110;0;0.03402;2906;0;3657;0;2009;0;4634;0;2602;0;x;
2022-08-10 13:31:01.000;42;74309531984116922;700;597;514;512;19;2;0;0;;52.3819283;30.8834666;27;111;0;0.031726;2906;0;3657;0;2013;0;4643;0;2606;0;x;
2022-08-10 13:31:04.000;40;74313930030628679;703;597;514;513;3;0;0;1;;52.3821566;30.8836883;28;113;0;0.029519;2909;0;3660;0;2014;0;4643;0;2606;0;x;
2022-08-10 13:31:07.000;40;74313930299066664;713;597;515;513;10;0;1;0;;52.3824166;30.8839266;28;115;0;0.033137;2912;0;3660;0;2014;0;4644;0;2607;0;x;
2022-08-10 13:31:10.000;46;74313930299067284;715;597;515;513;2;0;0;0;;52.3826966;30.8841916;30;115;0;0.035966;2912;0;3664;0;2016;0;4650;0;2607;0;x;
2022-08-10 13:31:13.000;47;74318328345580212;722;597;515;514;7;0;0;1;;52.3830083;30.8844750;27;115;0;0.03965;2915;0;3668;0;2016;0;4650;0;2609;0;x;
2022-08-10 13:31:16.000;48;74318328345843352;726;598;515;514;4;1;0;0;;52.3833250;30.8847666;31;114;0;0.040407;2915;0;3668;0;2018;0;4654;0;2609;0;x;
2022-08-10 13:31:19.000;46;74318328346106044;728;599;515;514;2;1;0;0;;52.3836250;30.8850500;30;115;0;0.038517;2918;0;3671;0;2018;0;4654;0;2611;0;x;
2022-08-10 13:31:22.000;43;74318328346108706;739;599;515;514;11;0;0;0;;52.3839450;30.8853050;24;114;0;0.039579;2918;0;3671;0;2019;0;4656;0;2612;0;x;
2022-08-10 13:31:25.000;45;74318328346373469;749;600;515;514;10;1;0;0;;52.3842533;30.8855050;22;115;0;0.036881;2920;0;3674;0;2021;0;4656;0;2612;0;x;
2022-08-10 13:31:28.000;43;74318328615337957;767;602;516;514;18;2;1;0;;52.3845750;30.8856866;19;112;0;0.037846;2923;0;3674;0;2021;0;4659;0;2613;0;x;
2022-08-10 13:31:31.000;39;74318328615339125;772;602;516;514;5;0;0;0;;52.3848700;30.8858366;18;114;0;0.034356;2923;0;3676;0;2021;0;4659;0;2613;0;x;
2022-08-10 13:31:34.000;39;74318328615340424;777;602;516;514;5;0;0;0;;52.3851266;30.8860066;18;113;0;0.030786;2926;0;3676;0;2021;0;4659;0;2613;0;x;
2022-08-10 13:31:37.000;35;74318328883777089;782;602;517;514;5;0;1;0;;52.3853983;30.8861733;22;114;0;0.03227;2926;0;3677;0;2022;0;4660;0;2613;0;x;
2022-08-10 13:31:40.000;33;74318328883777731;784;602;517;514;2;0;0;0;;52.3856516;30.8863066;20;113;0;0.029591;2928;0;3678;0;2022;0;4660;0;2614;0;x;
2022-08-10 13:31:43.000;28;74318328883778337;787;602;517;514;3;0;0;0;;52.3858483;30.8864500;22;111;0;0.023946;2928;0;3678;0;2022;0;4660;0;2614;0;x;
2022-08-10 13:31:46.000;20;74318329152214720;790;602;518;514;3;0;1;0;;52.3860216;30.8865816;30;111;0;0.021245;2930;0;3679;0;2022;0;4660;0;2614;0;x;
2022-08-10 13:31:47.000;16;74318329420913871;796;603;519;514;6;1;1;0;;52.3860566;30.8866233;32;111;0;0.004813;2930;0;3679;0;2022;0;4660;0;2614;0;x;
2022-08-10 13:31:50.000;11;74318331300224280;797;604;526;514;1;1;7;0;;52.3861366;30.8866850;20;112;0;0.009835;2931;0;3680;0;2022;0;4660;0;2614;0;x;
2022-08-10 13:31:51.000;11;74318331568922666;800;605;527;514;3;1;1;0;;52.3861616;30.8866933;16;112;0;0.002837;2931;0;3680;0;2022;0;4660;0;2614;0;x;
2022-08-10 13:31:53.000;16;74322729615698776;811;606;527;515;11;1;0;1;;52.3862216;30.8867283;26;113;0;0.007084;2931;0;3680;0;2023;0;4662;0;2615;0;x;
2022-08-10 13:31:56.000;25;74340321802005660;812;607;527;519;1;1;0;4;;52.3863533;30.8868616;35;115;0;0.017218;2933;0;3683;0;2023;0;4662;0;2615;0;x;
2022-08-10 13:31:59.000;33;74362312034562171;816;607;527;524;4;0;0;5;;52.3865183;30.8870850;43;116;0;0.023808;2933;0;3683;0;2024;0;4670;0;2619;0;x;
2022-08-10 13:32:02.000;39;74384302267117577;816;607;527;529;0;0;0;5;;52.3867033;30.8873950;49;117;0;0.029432;2935;0;3690;0;2028;0;4670;0;2619;0;x;
2022-08-10 13:32:05.000;47;74401894453162283;817;607;527;533;1;0;0;4;;52.3869016;30.8878300;53;117;0;0.036858;2939;0;3690;0;2028;0;4685;0;2628;0;x;
2022-08-10 13:32:08.000;50;74415088592696785;821;607;527;536;4;0;0;3;;52.3871333;30.8883266;53;119;0;0.042433;2939;0;3698;0;2033;0;4685;0;2628;0;x;
2022-08-10 13:32:11.000;47;74415088592959736;824;608;527;536;3;1;0;0;;52.3873350;30.8888533;55;121;0;0.04221;2943;0;3698;0;2033;0;4693;0;2632;0;x;
2022-08-10 13:32:14.000;50;74415088861919792;826;610;528;536;2;2;1;0;;52.3876100;30.8893833;52;121;0;0.047223;2943;0;3701;0;2035;0;4700;0;2632;0;x;
2022-08-10 13:32:17.000;57;74419486908693911;829;611;528;537;3;1;0;1;;52.3878516;30.8899133;58;118;0;0.044906;2946;0;3708;0;2035;0;4700;0;2636;0;x;
2022-08-10 13:32:20.000;59;74419486908957778;836;612;528;537;7;1;0;0;;52.3880766;30.8904866;57;119;0;0.046269;2946;0;3708;0;2039;0;4710;0;2642;0;x;
2022-08-10 13:32:23.000;59;74419486908957964;837;612;528;537;1;0;0;0;;52.3883083;30.8911083;56;119;0;0.049449;2949;0;3714;0;2043;0;4710;0;2642;0;x;
2022-08-10 13:32:26.000;57;74419486908959309;842;612;528;537;5;0;0;0;;52.3885549;30.8917416;56;116;0;0.050994;2953;0;3714;0;2043;0;4717;0;2647;0;x;
2022-08-10 13:32:29.000;61;74419487177395418;844;612;529;537;2;0;1;0;;52.3887933;30.8923516;54;116;0;0.04917;2953;0;3719;0;2046;0;4717;0;2647;0;x;
2022-08-10 13:32:32.000;60;74419487177396024;847;612;529;537;3;0;0;0;;52.3890616;30.8929150;47;120;0;0.048509;2957;0;3719;0;2046;0;4723;0;2650;0;x;
2022-08-10 13:32:35.000;54;74419487178183499;851;615;529;537;4;3;0;0;;52.3893816;30.8933600;39;123;0;0.046683;2957;0;3725;0;2049;0;4731;0;2650;0;x;
2022-08-10 13:32:38.000;56;74419487178184086;853;615;529;537;2;0;0;0;;52.3897533;30.8937166;31;125;0;0.047908;2961;0;3731;0;2049;0;4731;0;2655;0;x;
2022-08-10 13:32:41.000;56;74419487178184308;854;615;529;537;1;0;0;0;;52.3901250;30.8941050;33;124;0;0.049034;2961;0;3731;0;2053;0;4740;0;2660;0;x;
2022-08-10 13:32:44.000;54;74419487446620148;855;615;530;537;1;0;1;0;;52.3905200;30.8945150;33;122;0;0.052007;2964;0;3737;0;2053;0;4740;0;2660;0;x;
2022-08-10 13:32:47.000;54;74419487446883127;859;616;530;537;4;1;0;0;;52.3908616;30.8949266;32;115;0;0.047161;2968;0;3737;0;2057;0;4746;0;2664;0;x;
2022-08-10 13:32:50.000;58;74419487446883818;861;616;530;537;2;0;0;0;;52.3912866;30.8952866;32;113;0;0.053214;2968;0;3742;0;2060;0;4746;0;2664;0;x;
2022-08-10 13:32:53.000;51;74419487715321696;871;616;531;537;10;0;1;0;;52.3916583;30.8956166;32;117;0;0.047021;2972;0;3742;0;2060;0;4750;0;2666;0;x;
2022-08-10 13:32:56.000;49;74419487715322944;876;616;531;537;5;0;0;0;;52.3919400;30.8960083;39;116;0;0.041093;2972;0;3744;0;2061;0;4750;0;2666;0;x;
2022-08-10 13:32:59.000;50;74419487983759823;881;616;532;537;5;0;1;0;;52.3922616;30.8963450;34;113;0;0.042448;2975;0;3746;0;2061;0;4750;0;2666;0;x;
2022-08-10 13:33:02.000;48;74419487984025984;897;617;532;537;16;1;0;0;;52.3925816;30.8967266;34;112;0;0.044019;2975;0;3746;0;2062;0;4753;0;2666;0;x;
2022-08-10 13:33:05.000;45;74419487984027105;901;617;532;537;4;0;0;0;;52.3929066;30.8970283;33;115;0;0.041546;2978;0;3749;0;2062;0;4753;0;2668;0;x;
2022-08-10 13:33:08.000;46;74419487984028670;907;617;532;537;6;0;0;0;;52.3932100;30.8973300;35;115;0;0.039473;2978;0;3749;0;2064;0;4756;0;2669;0;x;
2022-08-10 13:33:11.000;47;74419487984030463;914;617;532;537;7;0;0;0;;52.3934850;30.8976633;34;114;0;0.038044;2981;0;3753;0;2065;0;4756;0;2669;0;x;
2022-08-10 13:33:14.000;47;74419488252993120;926;619;533;537;12;2;1;0;;52.3937500;30.8980616;46;115;0;0.039995;2984;0;3753;0;2065;0;4759;0;2671;0;x;
2022-08-10 13:33:17.000;46;74419488252993342;927;619;533;537;1;0;0;0;;52.3940250;30.8985083;49;116;0;0.043068;2984;0;3757;0;2068;0;4763;0;2671;0;x;
2022-08-10 13:33:20.000;46;74419488252994173;930;619;533;537;3;0;0;0;;52.3942566;30.8989550;48;117;0;0.039785;2987;0;3757;0;2068;0;4763;0;2672;0;x;
2022-08-10 13:33:23.000;39;74419488252995070;933;619;533;537;3;0;0;0;;52.3946083;30.8990933;37;118;0;0.040229;2987;0;3759;0;2069;0;4764;0;2672;0;x;
2022-08-10 13:33:24.000;37;74419488252995070;933;619;533;537;0;0;0;0;;52.3946850;30.8991966;38;119;0;0.011042;2987;0;3759;0;2069;0;4764;0;2673;0;x;
2022-08-10 13:33:27.000;36;74419489059095563;964;622;536;537;31;3;3;0;;52.3948883;30.8995300;46;120;0;0.03199;2990;0;3760;0;2069;0;4764;0;2673;0;x;
2022-08-10 13:33:27.050;36;74419489059095563;964;622;536;537;0;0;0;0;;52.3948883;30.8995300;46;120;0;0;2990;0;3760;0;2069;0;4764;0;2673;0;x;
2022-08-10 13:33:30.000;39;74419489060144991;967;626;536;537;3;4;0;0;;52.3950833;30.8999650;50;119;0;0.036635;2992;0;3760;0;2069;0;4764;0;2673;0;x;
2022-08-10 13:33:33.000;39;74419489060145472;969;626;536;537;2;0;0;0;;52.3952083;30.9003466;65;116;0;0.029396;2992;0;3762;0;2070;0;4765;0;2673;0;x;
2022-08-10 13:33:34.000;39;74419489060145472;969;626;536;537;0;0;0;0;;52.3952083;30.9003466;65;116;0;0;2992;0;3762;0;2070;0;4765;0;2673;0;x;
2022-08-10 13:33:36.000;37;74419489063816455;973;640;536;537;4;14;0;0;;52.3952716;30.9008233;73;115;0;0.033112;2995;0;3764;0;2070;0;4765;0;2673;0;x;
2022-08-10 13:33:38.000;38;74419489063816933;974;640;536;537;1;0;0;0;;52.3952983;30.9009800;73;115;0;0.011042;2995;0;3764;0;2071;0;4765;0;2673;0;x;
2022-08-10 13:33:40.000;39;74423887110328218;975;640;536;538;1;0;0;1;;52.3953766;30.9014733;74;113;0;0.034595;2995;0;3764;0;2071;0;4768;0;2675;0;x;
2022-08-10 13:33:43.000;43;74428285156840806;981;640;536;539;6;0;0;1;;52.3954566;30.9019583;73;112;0;0.034099;2997;0;3767;0;2072;0;4768;0;2675;0;x;
2022-08-10 13:33:46.000;37;74428285156841627;984;640;536;539;3;0;0;0;;52.3955600;30.9024266;74;115;0;0.033801;2999;0;3767;0;2072;0;4770;0;2675;0;x;
2022-08-10 13:33:49.000;34;74428285156842916;989;640;536;539;5;0;0;0;;52.3956350;30.9028483;74;115;0;0.029812;2999;0;3769;0;2073;0;4771;0;2675;0;x;
2022-08-10 13:33:52.000;34;74428285156843078;990;640;536;539;1;0;0;0;;52.3957000;30.9032616;74;115;0;0.028968;3002;0;3771;0;2073;0;4771;0;2676;0;x;
2022-08-10 13:33:55.000;36;74428285156843961;993;640;536;539;3;0;0;0;;52.3957883;30.9036716;67;114;0;0.029509;3002;0;3771;0;2073;0;4773;0;2676;0;x;
2022-08-10 13:33:58.000;40;74428285156844123;994;640;536;539;1;0;0;0;;52.3959350;30.9041316;62;115;0;0.035227;3004;0;3774;0;2073;0;4773;0;2677;0;x;
2022-08-10 13:34:01.000;42;74432683203355142;994;640;536;540;0;0;0;1;;52.3960816;30.9045500;66;117;0;0.032745;3004;0;3774;0;2075;0;4776;0;2678;0;x;
2022-08-10 13:34:04.000;39;74432683203880109;996;642;536;540;2;2;0;0;;52.3961483;30.9050283;74;119;0;0.033299;3007;0;3776;0;2076;0;4776;0;2678;0;x;
2022-08-10 13:34:07.000;41;74432683204150024;3;644;536;540;-993;2;0;0;;52.3962266;30.9055100;77;119;0;0.033833;3009;0;3776;0;2076;0;4778;0;2679;0;x;
2022-08-10 13:34:10.000;37;74432683204151956;10;644;536;540;7;0;0;0;;52.3962833;30.9059616;75;118;0;0.031292;3009;0;3778;0;2076;0;4779;0;2679;0;x;
2022-08-10 13:34:13.000;35;74432683204151956;10;644;536;540;0;0;0;0;;52.3963449;30.9063916;79;119;0;0.029978;3011;0;3778;0;2076;0;4779;0;2679;0;x;
2022-08-10 13:34:16.000;35;74432683472588861;16;644;537;540;6;0;1;0;;52.3964066;30.9068233;78;120;0;0.030092;3011;0;3780;0;2077;0;4780;0;2679;0;x;
2022-08-10 13:34:19.000;34;74432683472589441;18;644;537;540;2;0;0;0;;52.3964566;30.9072366;81;118;0;0.028597;3013;0;3781;0;2077;0;4780;0;2679;0;x;
2022-08-10 13:34:22.000;31;74432683472589791;19;644;537;540;1;0;0;0;;52.3964900;30.9076366;80;118;0;0.027401;3013;0;3781;0;2077;0;4780;0;2679;0;x;
2022-08-10 13:34:25.000;26;74432683472589791;19;644;537;540;0;0;0;0;;52.3965466;30.9079616;80;118;0;0.022938;3015;0;3782;0;2077;0;4780;0;2679;0;x;
2022-08-10 13:34:28.000;24;74432683741025410;20;644;538;540;1;0;1;0;;52.3965716;30.9082550;80;119;0;0.020106;3017;0;3782;0;2077;0;4780;0;2679;0;x;
2022-08-10 13:34:31.000;21;74432683741025410;20;644;538;540;0;0;0;0;;52.3966016;30.9085150;78;119;0;0.017959;3017;0;3782;0;2078;0;4780;0;2679;0;x;
2022-08-10 13:34:34.000;22;74432683741025756;21;644;538;540;1;0;0;0;;52.3966200;30.9087900;81;118;0;0.018776;3019;0;3782;0;2078;0;4781;0;2680;0;x;
2022-08-10 13:34:37.000;28;74432683741025854;22;644;538;540;1;0;0;0;;52.3966333;30.9091133;84;118;0;0.021992;3019;0;3784;0;2079;0;4784;0;2680;0;x;
2022-08-10 13:34:40.000;30;74441479834048000;22;644;538;542;0;0;0;2;;52.3966550;30.9094816;85;118;0;0.025113;3021;0;3787;0;2079;0;4784;0;2681;0;x;
2022-08-10 13:34:43.000;26;74441479834048350;23;644;538;542;1;0;0;0;;52.3966750;30.9098450;84;118;0;0.024764;3021;0;3787;0;2080;0;4786;0;2682;0;x;
2022-08-10 13:34:46.000;23;74441479834048350;23;644;538;542;0;0;0;0;;52.3966900;30.9101733;84;117;0;0.022344;3024;0;3789;0;2080;0;4786;0;2682;0;x;
2022-08-10 13:34:49.000;21;74441479834048543;24;644;538;542;1;0;0;0;;52.3967483;30.9104466;55;117;0;0.019649;3024;0;3789;0;2080;0;4786;0;2682;0;x;
2022-08-10 13:34:49.050;21;74441479834835212;25;647;538;542;1;3;0;0;;52.3967483;30.9104466;55;117;0;0;3024;0;3789;0;2080;0;4786;0;2682;0;x;
2022-08-10 13:34:52.000;20;74441480107727617;27;664;539;542;2;17;1;0;;52.3969033;30.9105600;16;118;0;0.01888;3026;0;3790;0;2081;0;4789;0;2682;0;x;
2022-08-10 13:34:55.000;26;74445878155287665;28;668;539;543;1;4;0;1;;52.3970916;30.9105100;346;118;0;0.021217;3028;0;3790;0;2081;0;4789;0;2683;0;x;
2022-08-10 13:34:58.000;32;74459072296395108;33;674;539;546;5;6;0;3;;52.3972450;30.9104400;347;118;0;0.017711;3028;0;3795;0;2083;0;4795;0;2683;0;x;
2022-08-10 13:35:00.000;34;74472266435928795;34;674;539;549;1;0;0;3;;52.3975083;30.9103466;348;119;0;0.029964;3031;0;3795;0;2083;0;4795;0;2685;0;x;
2022-08-10 13:35:03.000;30;74476664482439930;34;674;539;550;0;0;0;1;;52.3977433;30.9102550;346;120;0;0.026867;3031;0;3797;0;2084;0;4796;0;2685;0;x;
2022-08-10 13:35:06.000;27;74476664750876779;40;674;540;550;6;0;1;0;;52.3979550;30.9101666;347;120;0;0.024299;3034;0;3797;0;2084;0;4796;0;2686;0;x;
2022-08-10 13:35:09.000;27;74476664750878036;45;674;540;550;5;0;0;0;;52.3981500;30.9101000;345;121;0;0.022155;3034;0;3798;0;2084;0;4796;0;2686;0;x;
2022-08-10 13:35:12.000;24;74476665019314464;49;674;541;550;4;0;1;0;;52.3983316;30.9100233;344;121;0;0.020859;3036;0;3799;0;2084;0;4796;0;2686;0;x;
2022-08-10 13:35:15.000;20;74476665019316221;55;674;541;550;6;0;0;0;;52.3984816;30.9099750;348;121;0;0.017003;3036;0;3799;0;2085;0;4796;0;2686;0;x;
2022-08-10 13:35:18.000;18;74476665556187510;57;674;543;550;2;0;2;0;;52.3985583;30.9100000;8;121;0;0.008698;3037;0;3800;0;2085;0;4796;0;2686;0;x;
2022-08-10 13:35:21.000;18;74476666361493991;57;674;546;550;0;0;3;0;;52.3985083;30.9100516;25;121;0;0.006572;3039;0;3800;0;2085;0;4797;0;2686;0;x;
2022-08-10 13:35:24.000;0;74476666361494021;58;674;546;550;1;0;0;0;;52.3985100;30.9100633;25;122;0;0.000816;3039;0;3801;0;2085;0;4797;0;2686;0;x;
2022-08-10 13:35:27.000;0;74476666361494021;58;674;546;550;0;0;0;0;;52.3985100;30.9100633;25;122;0;0;3040;0;3801;0;2085;0;4797;0;2686;0;x;
2022-08-10 13:35:30.000;0;74476666361494021;58;674;546;550;0;0;0;0;;52.3985100;30.9100633;25;122;0;0;3040;0;3802;0;2085;0;4797;0;2686;0;x;
2022-08-10 13:35:33.000;0;74476666361494363;59;674;546;550;1;0;0;0;;52.3985100;30.9100633;25;122;0;0;3042;0;3803;0;2085;0;4797;0;2686;0;x;
2022-08-10 13:35:36.000;0;74476666361494363;59;674;546;550;0;0;0;0;;52.3985100;30.9100633;25;122;0;0;3042;0;3803;0;2086;0;4798;0;2686;0;x;
2022-08-10 13:35:39.000;9;74485462454516834;60;674;546;552;1;0;0;2;;52.3985900;30.9100233;346;124;0;0.009303;3044;0;3805;0;2087;0;4798;0;2686;0;x;
2022-08-10 13:35:42.000;16;74511850733583392;60;674;546;558;0;0;0;6;;52.3987150;30.9099600;345;124;0;0.014552;3044;0;3805;0;2087;0;4803;0;2689;0;x;
2022-08-10 13:35:45.000;17;74529442919628822;64;674;546;562;4;0;0;4;;52.3988466;30.9098933;349;123;0;0.015321;3047;0;3808;0;2089;0;4803;0;2689;0;x;
2022-08-10 13:35:48.000;27;74533841234576289;67;674;547;563;3;0;1;1;;52.3990266;30.9098250;346;125;0;0.02055;3049;0;3808;0;2089;0;4807;0;2691;0;x;
2022-08-10 13:35:51.000;30;74542637327598688;68;674;547;565;1;0;0;2;;52.3992450;30.9097316;344;126;0;0.025105;3049;0;3813;0;2091;0;4819;0;2691;0;x;
2022-08-10 13:35:54.000;32;74551433420621756;71;674;547;567;3;0;0;2;;52.3994733;30.9096183;343;127;0;0.026532;3052;0;3821;0;2091;0;4819;0;2698;0;x;
2022-08-10 13:35:57.000;34;74560229513908223;79;675;547;569;8;1;0;2;;52.3997266;30.9094466;339;127;0;0.030488;3052;0;3821;0;2096;0;4833;0;2707;0;x;
2022-08-10 13:36:00.000;40;74560229513909314;84;675;547;569;5;0;0;0;;52.4000100;30.9092183;337;128;0;0.035123;3056;0;3828;0;2096;0;4833;0;2707;0;x;
2022-08-10 13:36:03.000;40;74560229513916416;112;675;547;569;28;0;0;0;;52.4003833;30.9090583;340;128;0;0.042917;3056;0;3828;0;2101;0;4841;0;2711;0;x;
2022-08-10 13:36:06.000;40;74560229782357784;135;675;548;569;23;0;1;0;;52.4007700;30.9088166;338;128;0;0.046033;3060;0;3833;0;2103;0;4841;0;2711;0;x;
2022-08-10 13:36:09.000;40;74560230050794610;140;675;549;569;5;0;1;0;;52.4010483;30.9086600;340;128;0;0.032728;3064;0;3833;0;2103;0;4845;0;2713;0;x;
2022-08-10 13:36:12.000;33;74560230587930276;150;676;551;569;10;1;2;0;;52.4012516;30.9084833;334;128;0;0.025595;3064;0;3835;0;2104;0;4846;0;2713;0;x;
2022-08-10 13:36:15.000;31;74560231124804578;163;676;553;569;13;0;2;0;;52.4014883;30.9083450;334;128;0;0.02795;3067;0;3837;0;2104;0;4846;0;2713;0;x;
2022-08-10 13:36:18.000;28;74560231393241760;170;676;554;569;7;0;1;0;;52.4017383;30.9082016;333;126;0;0.02946;3067;0;3837;0;2105;0;4846;0;2713;0;x;
2022-08-10 13:36:21.000;24;74560231661679285;178;676;555;569;8;0;1;0;;52.4019183;30.9080416;332;126;0;0.022775;3069;0;3838;0;2105;0;4846;0;2714;0;x;
2022-08-10 13:36:24.000;24;74560231930114650;178;676;556;569;0;0;1;0;;52.4021000;30.9079016;333;127;0;0.022332;3069;0;3838;0;2106;0;4847;0;2714;0;x;
2022-08-10 13:36:27.000;21;74560232198550350;179;676;557;569;1;0;1;0;;52.4022583;30.9077800;333;127;0;0.019445;3071;0;3839;0;2106;0;4847;0;2714;0;x;
2022-08-10 13:36:30.000;21;74560232198550931;181;676;557;569;2;0;0;0;;52.4024000;30.9076666;336;127;0;0.017539;3073;0;3839;0;2106;0;4847;0;2714;0;x;
2022-08-10 13:36:33.000;19;74560232466986317;181;676;558;569;0;0;1;0;;52.4025350;30.9075516;331;127;0;0.016922;3073;0;3840;0;2106;0;4847;0;2714;0;x;
2022-08-10 13:36:36.000;29;74560232466987502;185;676;558;569;4;0;0;0;;52.4027150;30.9074216;333;127;0;0.021878;3075;0;3840;0;2106;0;4848;0;2715;0;x;
2022-08-10 13:36:39.000;35;74569028560010479;188;676;558;571;3;0;0;2;;52.4029200;30.9072183;334;127;0;0.02665;3075;0;3844;0;2108;0;4858;0;2715;0;x;
2022-08-10 13:36:42.000;43;74586620746056308;194;676;558;575;6;0;0;4;;52.4032383;30.9070433;334;126;0;0.037342;3079;0;3852;0;2108;0;4858;0;2721;0;x;
2022-08-10 13:36:45.000;50;74591018792574022;220;676;558;576;26;0;0;1;;52.4035633;30.9067200;333;125;0;0.042285;3079;0;3852;0;2114;0;4873;0;2731;0;x;
2022-08-10 13:36:48.000;51;74595416839088698;234;676;558;577;14;0;0;1;;52.4039000;30.9064050;333;125;0;0.043121;3083;0;3858;0;2117;0;4873;0;2731;0;x;
2022-08-10 13:36:51.000;51;74595417107526191;242;676;559;577;8;0;1;0;;52.4041850;30.9061033;329;130;0;0.037736;3083;0;3858;0;2117;0;4876;0;2732;0;x;
2022-08-10 13:36:54.000;53;74595417375962898;247;676;560;577;5;0;1;0;;52.4045216;30.9058450;333;130;0;0.041339;3086;0;3861;0;2119;0;4876;0;2732;0;x;
2022-08-10 13:36:57.000;54;74595417375964524;253;676;560;577;6;0;0;0;;52.4048666;30.9055483;332;128;0;0.043334;3089;0;3861;0;2119;0;4884;0;2736;0;x;
2022-08-10 13:37:00.000;56;74595417375966494;261;676;560;577;8;0;0;0;;52.4052400;30.9052216;332;127;0;0.047078;3089;0;3867;0;2123;0;4892;0;2736;0;x;
2022-08-10 13:37:03.000;56;74595417375969120;271;676;560;577;10;0;0;0;;52.4056150;30.9049166;330;122;0;0.046562;3092;0;3874;0;2123;0;4892;0;2741;0;x;
2022-08-10 13:37:06.000;59;74595417375975297;295;676;560;577;24;0;0;0;;52.4059950;30.9045783;331;123;0;0.048097;3092;0;3874;0;2127;0;4902;0;2748;0;x;
2022-08-10 13:37:09.000;59;74595417376239142;302;677;560;577;7;1;0;0;;52.4063950;30.9042633;331;124;0;0.049359;3096;0;3881;0;2127;0;4902;0;2748;0;x;
2022-08-10 13:37:12.000;60;74595417376242394;314;677;560;577;12;0;0;0;;52.4067950;30.9039100;333;124;0;0.050538;3096;0;3881;0;2131;0;4913;0;2754;0;x;
2022-08-10 13:37:15.000;60;74595417376245727;327;677;560;577;13;0;0;0;;52.4072133;30.9035750;333;123;0;0.051782;3100;0;3888;0;2136;0;4913;0;2754;0;x;
2022-08-10 13:37:18.000;61;74595417376248992;340;677;560;577;13;0;0;0;;52.4076333;30.9032150;331;124;0;0.052716;3104;0;3888;0;2136;0;4923;0;2760;0;x;
2022-08-10 13:37:21.000;60;74595417644689334;359;677;561;577;19;0;1;0;;52.4080483;30.9028766;331;123;0;0.051554;3104;0;3894;0;2140;0;4930;0;2760;0;x;
2022-08-10 13:37:24.000;60;74595417644692681;372;677;561;577;13;0;0;0;;52.4084633;30.9025283;331;124;0;0.051857;3108;0;3900;0;2140;0;4930;0;2765;0;x;
2022-08-10 13:37:27.000;58;74595417644697089;390;677;561;577;18;0;0;0;;52.4088483;30.9022100;333;125;0;0.04796;3108;0;3900;0;2144;0;4938;0;2765;0;x;
2022-08-10 13:37:30.000;60;74595417644699549;399;677;561;577;9;0;0;0;;52.4092283;30.9018166;331;123;0;0.049989;3111;0;3906;0;2144;0;4938;0;2770;0;x;
2022-08-10 13:37:33.000;59;74595417644701634;407;677;561;577;8;0;0;0;;52.4096250;30.9014616;335;124;0;0.05027;3111;0;3906;0;2147;0;4946;0;2775;0;x;
2022-08-10 13:37:36.000;53;74595417644703488;415;677;561;577;8;0;0;0;;52.4099850;30.9010833;327;124;0;0.047562;3115;0;3912;0;2151;0;4946;0;2775;0;x;
2022-08-10 13:37:39.000;57;74595417644704541;419;677;561;577;4;0;0;0;;52.4103633;30.9007533;331;121;0;0.047663;3119;0;3912;0;2151;0;4954;0;2780;0;x;
2022-08-10 13:37:42.000;57;74595417644968850;427;678;561;577;8;1;0;0;;52.4107866;30.9004383;332;120;0;0.051706;3119;0;3918;0;2155;0;4961;0;2780;0;x;
2022-08-10 13:37:45.000;58;74595417913405229;431;678;562;577;4;0;1;0;;52.4111983;30.9001750;332;119;0;0.049153;3123;0;3918;0;2155;0;4961;0;2784;0;x;
2022-08-10 13:37:48.000;54;74595417913406608;436;678;562;577;5;0;0;0;;52.4116366;30.8998700;336;119;0;0.052961;3123;0;3923;0;2158;0;4967;0;2784;0;x;
2022-08-10 13:37:51.000;59;74595417913670634;443;679;562;577;7;1;0;0;;52.4120650;30.8995900;332;121;0;0.051297;3127;0;3929;0;2158;0;4967;0;2788;0;x;
2022-08-10 13:37:54.000;59;74595417913674897;460;679;562;577;17;0;0;0;;52.4124450;30.8991900;332;121;0;0.050228;3127;0;3929;0;2162;0;4974;0;2792;0;x;
2022-08-10 13:37:57.000;60;74595417913677200;469;679;562;577;9;0;0;0;;52.4128400;30.8988283;331;121;0;0.050323;3130;0;3935;0;2166;0;4974;0;2792;0;x;
2022-08-10 13:38:00.000;60;74595417913678735;475;679;562;577;6;0;0;0;;52.4132416;30.8984850;331;120;0;0.050376;3134;0;3935;0;2166;0;4982;0;2797;0;x;
2022-08-10 13:38:03.000;61;74595418182115419;480;679;563;577;5;0;1;0;;52.4136216;30.8981183;331;120;0;0.049044;3134;0;3940;0;2169;0;4982;0;2797;0;x;
2022-08-10 13:38:06.000;58;74595418182118822;493;679;563;577;13;0;0;0;;52.4140500;30.8977750;334;119;0;0.053037;3138;0;3946;0;2169;0;4989;0;2802;0;x;
2022-08-10 13:38:09.000;59;74595418182120228;499;679;563;577;6;0;0;0;;52.4144716;30.8974533;332;119;0;0.051723;3138;0;3946;0;2173;0;4996;0;2802;0;x;
2022-08-10 13:38:12.000;60;74595418182120953;501;679;563;577;2;0;0;0;;52.4148583;30.8971166;333;121;0;0.0487;3142;0;3952;0;2173;0;4996;0;2806;0;x;
2022-08-10 13:38:15.000;60;74595418182122597;508;679;563;577;7;0;0;0;;52.4152666;30.8967666;332;123;0;0.051246;3142;0;3952;0;2177;0;5004;0;2811;0;x;
2022-08-10 13:38:18.000;59;74595418182386533;515;680;563;577;7;1;0;0;;52.4156883;30.8964300;332;123;0;0.052167;3146;0;3958;0;2181;0;5004;0;2811;0;x;
2022-08-10 13:38:21.000;59;74599816228899130;521;680;563;578;6;0;0;1;;52.4160899;30.8961000;331;123;0;0.049965;3149;0;3958;0;2181;0;5011;0;2816;0;x;
2022-08-10 13:38:24.000;56;74599816228899845;524;680;563;578;3;0;0;0;;52.4164800;30.8958200;331;123;0;0.047365;3149;0;3964;0;2185;0;5011;0;2816;0;x;
2022-08-10 13:38:27.000;61;74599816228900839;527;680;563;578;3;0;0;0;;52.4169016;30.8954416;332;120;0;0.053459;3153;0;3964;0;2185;0;5020;0;2821;0;x;
2022-08-10 13:38:30.000;60;74599816229164931;535;681;563;578;8;1;0;0;;52.4173116;30.8950850;331;121;0;0.051622;3153;0;3970;0;2189;0;5028;0;2821;0;x;
2022-08-10 13:38:33.000;59;74599816229165468;537;681;563;578;2;0;0;0;;52.4177100;30.8947550;332;125;0;0.049646;3157;0;3976;0;2189;0;5028;0;2826;0;x;
2022-08-10 13:38:36.000;58;74599816229166623;542;681;563;578;5;0;0;0;;52.4181200;30.8944016;332;126;0;0.05152;3157;0;3976;0;2192;0;5036;0;2831;0;x;
2022-08-10 13:38:39.000;58;74599816229167964;547;681;563;578;5;0;0;0;;52.4184950;30.8940583;332;128;0;0.047771;3161;0;3983;0;2192;0;5036;0;2831;0;x;
2022-08-10 13:38:42.000;58;74599816229169276;552;681;563;578;5;0;0;0;;52.4188900;30.8937316;333;127;0;0.049207;3161;0;3983;0;2196;0;5044;0;2836;0;x;
2022-08-10 13:38:45.000;59;74599816229169856;554;681;563;578;2;0;0;0;;52.4192866;30.8934100;331;127;0;0.049212;3164;0;3987;0;2198;0;5044;0;2836;0;x;
2022-08-10 13:38:45.050;59;74599816229169856;554;681;563;578;0;0;0;0;;52.4192866;30.8934100;331;127;0;0;3164;0;3987;0;2198;0;5044;0;2836;0;x;
2022-08-10 13:38:48.000;46;74599818376654913;560;681;571;578;6;0;8;0;;52.4196150;30.8931450;336;127;0;0.04071;3167;0;3987;0;2198;0;5046;0;2837;0;x;
2022-08-10 13:38:51.000;28;74599823209018358;563;683;589;578;3;2;18;0;;52.4197850;30.8930333;340;127;0;0.02037;3167;0;3988;0;2199;0;5046;0;2837;0;x;
2022-08-10 13:38:52.000;26;74599824014324576;563;683;592;578;0;0;3;0;;52.4198316;30.8930116;344;127;0;0.005388;3167;0;3988;0;2199;0;5046;0;2837;0;x;
2022-08-10 13:38:55.000;15;74599824819655247;658;683;595;578;95;0;3;0;;52.4199216;30.8929466;343;126;0;0.010938;3169;0;3989;0;2199;0;5046;0;2837;0;x;
2022-08-10 13:38:58.000;9;74599825088091134;659;683;596;578;1;0;1;0;;52.4199900;30.8928433;321;127;0;0.010343;3170;0;3989;0;2199;0;5046;0;2837;0;x;
2022-08-10 13:39:01.000;7;74599825088091134;659;683;596;578;0;0;0;0;;52.4200316;30.8928133;339;127;0;0.005055;3170;0;3990;0;2199;0;5046;0;2837;0;x;
2022-08-10 13:39:04.000;0;74599825088091134;659;683;596;578;0;0;0;0;;52.4200483;30.8927866;340;127;0;0.002594;3172;0;3990;0;2199;0;5047;0;2837;0;x;
2022-08-10 13:39:07.000;0;74599825356526647;660;683;597;578;1;0;1;0;;52.4200550;30.8927733;340;127;0;0.00117;3172;0;3990;0;2199;0;5047;0;2837;0;x;
2022-08-10 13:39:10.000;6;74604223403037736;660;683;597;579;0;0;0;1;;52.4201000;30.8927216;322;127;0;0.006112;3174;0;3992;0;2199;0;5047;0;2837;0;x;
2022-08-10 13:39:11.000;6;74604223403037736;660;683;597;579;0;0;0;0;;52.4201000;30.8927216;322;127;0;0;3174;0;3992;0;2199;0;5047;0;2837;0;x;
2022-08-10 13:39:13.000;16;74652601914660333;661;683;597;590;1;0;0;11;;52.4201833;30.8926766;338;125;0;0.009755;3174;0;3992;0;2201;0;5052;0;2837;0;x;
2022-08-10 13:39:16.000;21;74678990193726914;661;683;597;596;0;0;0;6;;52.4203300;30.8925883;338;124;0;0.017382;3177;0;3995;0;2201;0;5052;0;2839;0;x;
2022-08-10 13:39:16.050;21;74678990193726914;661;683;597;596;0;0;0;0;;52.4203300;30.8925883;338;124;0;0;3177;0;3995;0;2201;0;5052;0;2839;0;x;
2022-08-10 13:39:19.000;24;74678990193727358;663;683;597;596;2;0;0;0;;52.4205050;30.8924933;337;123;0;0.020504;3177;0;3995;0;2202;0;5054;0;2840;0;x;
2022-08-10 13:39:22.000;30;74687786286750397;666;683;597;598;3;0;0;2;;52.4207150;30.8923650;333;123;0;0.024926;3178;0;3998;0;2203;0;5054;0;2840;0;x;
2022-08-10 13:39:25.000;36;74696582379773146;668;683;597;600;2;0;0;2;;52.4209516;30.8921583;331;123;0;0.029818;3180;0;3998;0;2203;0;5060;0;2842;0;x;
2022-08-10 13:39:28.000;43;74709776519570341;675;684;597;603;7;1;0;3;;52.4212133;30.8918933;337;123;0;0.034211;3180;0;4003;0;2205;0;5068;0;2842;0;x;
2022-08-10 13:39:31.000;49;74714174566081659;676;684;597;604;1;0;0;1;;52.4215150;30.8915950;334;126;0;0.039185;3183;0;4003;0;2205;0;5068;0;2846;0;x;
2022-08-10 13:39:34.000;50;74718572612595226;686;684;597;605;10;0;0;1;;52.4218816;30.8913650;337;126;0;0.043658;3183;0;4008;0;2208;0;5075;0;2846;0;x;
2022-08-10 13:39:37.000;53;74718572612597531;695;684;597;605;9;0;0;0;;52.4222433;30.8911050;340;126;0;0.043926;3187;0;4014;0;2208;0;5075;0;2850;0;x;
2022-08-10 13:39:40.000;54;74718572612600126;705;684;597;605;10;0;0;0;;52.4226400;30.8908666;342;128;0;0.046993;3187;0;4014;0;2211;0;5082;0;2853;0;x;
2022-08-10 13:39:43.000;55;74718572612863622;710;685;597;605;5;1;0;0;;52.4230316;30.8906783;344;130;0;0.04539;3190;0;4018;0;2213;0;5082;0;2853;0;x;
2022-08-10 13:39:46.000;49;74718572881301146;718;685;598;605;8;0;1;0;;52.4233900;30.8904933;345;132;0;0.041792;3193;0;4018;0;2213;0;5084;0;2854;0;x;
2022-08-10 13:39:49.000;47;74718573150000254;724;686;599;605;6;1;1;0;;52.4236866;30.8903733;344;131;0;0.033979;3193;0;4020;0;2214;0;5085;0;2854;0;x;
2022-08-10 13:39:52.000;47;74718573150000834;726;686;599;605;2;0;0;0;;52.4240366;30.8901500;338;132;0;0.041772;3196;0;4020;0;2214;0;5085;0;2855;0;x;
2022-08-10 13:39:55.000;47;74718573418436878;729;686;600;605;3;0;1;0;;52.4243183;30.8899583;338;132;0;0.033923;3196;0;4021;0;2214;0;5086;0;2855;0;x;
2022-08-10 13:39:58.000;39;74718573418437554;731;686;600;605;2;0;0;0;;52.4245883;30.8898133;338;131;0;0.0316;3199;0;4023;0;2214;0;5086;0;2855;0;x;
2022-08-10 13:40:01.000;38;74718573418438285;734;686;600;605;3;0;0;0;;52.4248783;30.8896533;344;130;0;0.034032;3199;0;4023;0;2215;0;5086;0;2855;0;x;
2022-08-10 13:40:04.000;33;74718573686874009;735;686;601;605;1;0;1;0;;52.4251683;30.8895233;345;127;0;0.033439;3201;0;4025;0;2216;0;5086;0;2855;0;x;
2022-08-10 13:40:07.000;37;74722971733394312;771;686;601;606;36;0;0;1;;52.4254316;30.8894033;342;127;0;0.030396;3203;0;4025;0;2216;0;5092;0;2858;0;x;
2022-08-10 13:40:10.000;42;74731767826420750;788;686;601;608;17;0;0;2;;52.4257416;30.8893600;343;125;0;0.034605;3203;0;4030;0;2218;0;5092;0;2858;0;x;
2022-08-10 13:40:13.000;38;74736165873195883;795;687;601;609;7;1;0;1;;52.4260550;30.8892700;1;126;0;0.035389;3206;0;4030;0;2218;0;5099;0;2861;0;x;
2022-08-10 13:40:13.050;38;74740563919969934;798;688;601;610;3;1;0;1;;52.4260550;30.8892700;1;126;0;0;3206;0;4030;0;2218;0;5099;0;2861;0;x;
2022-08-10 13:40:16.000;41;74740564194174967;807;710;602;610;9;22;1;0;;52.4264050;30.8893233;350;126;0;0.039097;3206;0;4034;0;2220;0;5105;0;2861;0;x;
2022-08-10 13:40:19.000;43;74740564197845735;810;724;602;610;3;14;0;0;;52.4267133;30.8891033;323;131;0;0.037397;3209;0;4039;0;2220;0;5105;0;2864;0;x;
2022-08-10 13:40:22.000;45;74744962250910696;811;749;602;611;1;25;0;1;;52.4269983;30.8888133;342;134;0;0.037306;3209;0;4039;0;2222;0;5112;0;2866;0;x;
2022-08-10 13:40:25.000;41;74749360302746317;106;770;602;612;-705;21;0;1;;52.4273216;30.8886883;345;135;0;0.036945;3211;0;4042;0;2222;0;5112;0;2866;0;x;
2022-08-10 13:40:26.000;39;74749360302746317;106;770;602;612;0;0;0;0;;52.4274133;30.8886466;345;134;0;0.010584;3211;0;4042;0;2223;0;5112;0;2866;0;x;
2022-08-10 13:40:29.000;37;74749360302820064;394;770;602;612;288;0;0;0;;52.4276849;30.8885266;342;135;0;0.031286;3214;0;4042;0;2223;0;5114;0;2867;0;x;
2022-08-10 13:40:32.000;31;74749360571256905;400;770;603;612;6;0;1;0;;52.4279433;30.8884383;346;132;0;0.029358;3214;0;4044;0;2224;0;5115;0;2867;0;x;
2022-08-10 13:40:35.000;34;74749360571257771;403;770;603;612;3;0;0;0;;52.4281900;30.8883250;344;132;0;0.028495;3216;0;4046;0;2224;0;5115;0;2867;0;x;
2022-08-10 13:40:38.000;37;74749360839697529;420;770;604;612;17;0;1;0;;52.4284516;30.8882066;343;133;0;0.030184;3216;0;4046;0;2225;0;5119;0;2869;0;x;
2022-08-10 13:40:41.000;44;74753758886209242;422;770;604;613;2;0;0;1;;52.4287783;30.8880366;347;136;0;0.038123;3219;0;4050;0;2225;0;5119;0;2869;0;x;
2022-08-10 13:40:44.000;49;74753758886209242;422;770;604;613;0;0;0;0;;52.4291466;30.8878800;347;141;0;0.042319;3219;0;4050;0;2227;0;5121;0;2870;0;x;
2022-08-10 13:40:47.000;50;74753759154645457;425;770;605;613;3;0;1;0;;52.4295199;30.8877216;344;141;0;0.042888;3222;0;4051;0;2227;0;5121;0;2870;0;x;
2022-08-10 13:40:50.000;49;74753759154645555;426;770;605;613;1;0;0;0;;52.4298650;30.8875716;344;140;0;0.039709;3225;0;4051;0;2227;0;5122;0;2870;0;x;
2022-08-10 13:40:53.000;50;74753759423081520;428;770;606;613;2;0;1;0;;52.4302500;30.8875033;353;140;0;0.043072;3225;0;4053;0;2228;0;5122;0;2870;0;x;
2022-08-10 13:40:56.000;53;74753759424917342;431;777;606;613;3;7;0;0;;52.4306533;30.8874633;352;137;0;0.044939;3228;0;4055;0;2228;0;5122;0;2871;0;x;
2022-08-10 13:40:58.000;52;74753759693877728;433;779;607;613;2;2;1;0;;52.4307600;30.8874316;350;136;0;0.012061;3228;0;4055;0;2229;0;5122;0;2871;0;x;
2022-08-10 13:41:00.000;52;74753759695713470;436;786;607;613;3;7;0;0;;52.4310833;30.8872750;346;135;0;0.037495;3228;0;4055;0;2229;0;5124;0;2872;0;x;
2022-08-10 13:41:02.000;53;74753759696762800;439;790;607;613;3;4;0;0;;52.4312116;30.8871966;345;136;0;0.015229;3230;0;4059;0;2229;0;5124;0;2872;0;x;
2022-08-10 13:41:04.000;53;74753759697287338;440;792;607;613;1;2;0;0;;52.4315183;30.8869033;342;137;0;0.039488;3230;0;4059;0;2231;0;5132;0;2872;0;x;
2022-08-10 13:41:07.000;53;74758157744401426;748;794;607;614;308;2;0;1;;52.4318550;30.8866866;340;136;0;0.04023;3234;0;4066;0;2231;0;5132;0;2877;0;x;
2022-08-10 13:41:10.000;55;74766953837424118;749;794;607;616;1;0;0;2;;52.4322500;30.8865916;344;135;0;0.044404;3234;0;4066;0;2236;0;5144;0;2884;0;x;
2022-08-10 13:41:13.000;59;74771351883935209;749;794;607;617;0;0;0;1;;52.4326966;30.8863833;345;135;0;0.051643;3237;0;4072;0;2240;0;5144;0;2884;0;x;
2022-08-10 13:41:16.000;63;74771351883935243;750;794;607;617;1;0;0;0;;52.4331433;30.8861333;342;135;0;0.052498;3237;0;4072;0;2240;0;5152;0;2888;0;x;
2022-08-10 13:41:19.000;60;74771351883935881;752;794;607;617;2;0;0;0;;52.4335816;30.8859283;346;134;0;0.050694;3241;0;4078;0;2243;0;5152;0;2888;0;x;
2022-08-10 13:41:22.000;62;74771351883936309;754;794;607;617;2;0;0;0;;52.4340316;30.8857550;347;135;0;0.051413;3245;0;4078;0;2243;0;5158;0;2892;0;x;
2022-08-10 13:41:25.000;60;74771351883937000;756;794;607;617;2;0;0;0;;52.4344683;30.8856400;351;136;0;0.049195;3245;0;4083;0;2246;0;5164;0;2892;0;x;
2022-08-10 13:41:28.000;60;74771352152372817;758;794;608;617;2;0;1;0;;52.4348483;30.8855333;352;135;0;0.042881;3248;0;4088;0;2246;0;5164;0;2895;0;x;
2022-08-10 13:41:31.000;58;74771352152374319;764;794;608;617;6;0;0;0;;52.4352700;30.8854850;357;135;0;0.047018;3248;0;4088;0;2249;0;5169;0;2899;0;x;
2022-08-10 13:41:34.000;55;74771352152374319;764;794;608;617;0;0;0;0;;52.4355316;30.8854716;0;134;0;0.029111;3252;0;4092;0;2249;0;5169;0;2899;0;x;
2022-08-10 13:41:37.000;56;74771352152375936;770;794;608;617;6;0;0;0;;52.4359350;30.8855116;1;134;0;0.044951;3252;0;4092;0;2252;0;5173;0;2900;0;x;
2022-08-10 13:41:40.000;53;74771352152375936;770;794;608;617;0;0;0;0;;52.4363350;30.8855933;2;131;0;0.044834;3255;0;4095;0;2253;0;5173;0;2900;0;x;
2022-08-10 13:41:43.000;41;74771352420811466;770;794;609;617;0;0;1;0;;52.4368150;30.8856433;9;128;0;0.053496;3258;0;4095;0;2253;0;5174;0;2901;0;x;
2022-08-10 13:41:45.000;37;74771352958207001;772;796;611;617;2;2;2;0;;52.4369700;30.8857733;28;126;0;0.019363;3258;0;4096;0;2253;0;5174;0;2901;0;x;
2022-08-10 13:41:48.000;34;74771353229527149;776;807;612;617;4;11;1;0;;52.4370850;30.8859433;50;125;0;0.017219;3258;0;4096;0;2253;0;5174;0;2901;0;x;
2022-08-10 13:41:51.000;29;74771353237391809;777;837;612;617;1;30;0;0;;52.4371500;30.8864666;92;124;0;0.036212;3260;0;4097;0;2254;0;5175;0;2901;0;x;
2022-08-10 13:41:53.000;22;74771353506875814;777;841;613;617;0;4;1;0;;52.4371233;30.8866716;107;123;0;0.014214;3260;0;4097;0;2254;0;5175;0;2901;0;x;
2022-08-10 13:41:55.000;16;74771354043747024;778;841;615;617;1;0;2;0;;52.4371083;30.8867533;107;123;0;0.005786;3262;0;4098;0;2254;0;5175;0;2901;0;x;
2022-08-10 13:41:57.000;11;74771356727974646;282;841;625;617;-496;0;10;0;;52.4370850;30.8868433;107;122;0;0.00663;3262;0;4098;0;2254;0;5175;0;2901;0;x;
2022-08-10 13:41:59.000;12;74771356728238203;288;842;625;617;6;1;0;0;;52.4370700;30.8869350;101;123;0;0.006438;3262;0;4098;0;2254;0;5175;0;2901;0;x;
2022-08-10 13:42:01.000;20;74784550868033571;288;843;625;620;0;1;0;3;;52.4370483;30.8870800;106;123;0;0.010124;3264;0;4101;0;2256;0;5175;0;2901;0;x;
2022-08-10 13:42:04.000;31;74828531333145264;290;843;625;630;2;0;0;10;;52.4369633;30.8875133;107;125;0;0.030865;3267;0;4101;0;2256;0;5183;0;2906;0;x;
2022-08-10 13:42:07.000;31;74850521565678276;202;843;625;635;-88;0;0;5;;52.4369133;30.8877633;108;125;0;0.017841;3267;0;4105;0;2258;0;5183;0;2906;0;x;
2022-08-10 13:42:10.000;32;74850521565678490;203;843;625;635;1;0;0;0;;52.4368399;30.8881366;108;126;0;0.026597;3269;0;4105;0;2258;0;5186;0;2907;0;x;
2022-08-10 13:42:13.000;38;74854919612452069;204;844;625;636;1;1;0;1;;52.4367466;30.8885783;108;126;0;0.031697;3269;0;4109;0;2259;0;5194;0;2907;0;x;
2022-08-10 13:42:16.000;44;74863715705474437;205;844;625;638;1;0;0;2;;52.4366550;30.8890766;108;126;0;0.035291;3272;0;4115;0;2259;0;5194;0;2911;0;x;
2022-08-10 13:42:19.000;50;74872511798496934;206;844;625;640;1;0;0;2;;52.4365383;30.8896300;112;125;0;0.039706;3272;0;4115;0;2262;0;5203;0;2915;0;x;
2022-08-10 13:42:22.000;53;74876909845008443;208;844;625;641;2;0;0;1;;52.4363416;30.8902000;117;125;0;0.044413;3275;0;4120;0;2265;0;5203;0;2915;0;x;
2022-08-10 13:42:25.000;54;74876909845008741;209;844;625;641;1;0;0;0;;52.4361333;30.8907866;121;124;0;0.046032;3275;0;4120;0;2265;0;5210;0;2918;0;x;
2022-08-10 13:42:28.000;54;74876909845009031;210;844;625;641;1;0;0;0;;52.4358050;30.8915066;129;125;0;0.060967;3278;0;4125;0;2267;0;5213;0;2918;0;x;
2022-08-10 13:42:31.000;52;74876910113444996;212;844;626;641;2;0;1;0;;52.4355416;30.8919900;134;126;0;0.043963;3282;0;4125;0;2267;0;5213;0;2920;0;x;
2022-08-10 13:42:34.000;50;74876910381880946;214;844;627;641;2;0;1;0;;52.4353550;30.8922483;136;127;0;0.027158;3282;0;4126;0;2268;0;5214;0;2920;0;x;
2022-08-10 13:42:37.000;49;74876910381881132;215;844;627;641;1;0;0;0;;52.4350850;30.8926500;137;127;0;0.040544;3285;0;4128;0;2268;0;5214;0;2920;0;x;
2022-08-10 13:42:40.000;46;74876910650579803;219;845;628;641;4;1;1;0;;52.4348250;30.8930533;137;126;0;0.039802;3285;0;4128;0;2269;0;5214;0;2920;0;x;
2022-08-10 13:42:43.000;45;74876910650580358;221;845;628;641;2;0;0;0;;52.4345550;30.8934333;139;126;0;0.039571;3288;0;4130;0;2269;0;5214;0;2920;0;x;
2022-08-10 13:42:46.000;42;74876910650581403;225;845;628;641;4;0;0;0;;52.4343050;30.8937750;140;127;0;0.036195;3288;0;4130;0;2270;0;5215;0;2921;0;x;
2022-08-10 13:42:49.000;41;74876910919017325;227;845;629;641;2;0;1;0;;52.4340600;30.8941116;139;128;0;0.035547;3290;0;4131;0;2271;0;5215;0;2921;0;x;
2022-08-10 13:42:52.000;40;74876910919017325;227;845;629;641;0;0;0;0;;52.4338300;30.8944333;139;129;0;0.033621;3293;0;4131;0;2271;0;5216;0;2921;0;x;
2022-08-10 13:42:55.000;38;74876910919017710;228;845;629;641;1;0;0;0;;52.4336050;30.8947416;139;129;0;0.032609;3293;0;4133;0;2271;0;5216;0;2921;0;x;
2022-08-10 13:42:58.000;36;74876910919017904;229;845;629;641;1;0;0;0;;52.4333816;30.8950616;139;129;0;0.03299;3295;0;4134;0;2271;0;5216;0;2921;0;x;
2022-08-10 13:43:01.000;36;74876910919018771;233;845;629;641;4;0;0;0;;52.4331733;30.8953483;143;131;0;0.030245;3295;0;4134;0;2272;0;5217;0;2921;0;x;
2022-08-10 13:43:04.000;27;74876911724325941;236;845;632;641;3;0;3;0;;52.4329866;30.8955650;144;132;0;0.02544;3297;0;4135;0;2272;0;5217;0;2921;0;x;
2022-08-10 13:43:07.000;21;74876912261459536;238;846;634;641;2;1;2;0;;52.4328766;30.8957400;128;133;0;0.017045;3297;0;4135;0;2272;0;5217;0;2921;0;x;
2022-08-10 13:43:07.050;21;74876912530681791;239;849;635;641;1;3;1;0;;52.4328500;30.8958066;124;133;0;0.005399;3297;0;4135;0;2272;0;5217;0;2921;0;x;
2022-08-10 13:43:10.000;23;74876913069389759;247;856;637;641;8;7;2;0;;52.4328133;30.8960000;109;134;0;0.013736;3299;0;4136;0;2272;0;5217;0;2921;0;x;
2022-08-10 13:43:12.000;19;74876913070962788;248;862;637;641;1;6;0;0;;52.4328166;30.8961783;102;135;0;0.012097;3299;0;4136;0;2272;0;5218;0;2921;0;x;
2022-08-10 13:43:14.000;14;74876913607835087;253;862;639;641;5;0;2;0;;52.4328733;30.8962633;68;135;0;0.008544;3300;0;4136;0;2272;0;5218;0;2922;0;x;
2022-08-10 13:43:17.000;13;74876913608098309;258;863;639;641;5;1;0;0;;52.4329683;30.8963283;60;136;0;0.011449;3300;0;4136;0;2272;0;5218;0;2922;0;x;
2022-08-10 13:43:20.000;12;74876913608098651;259;863;639;641;1;0;0;0;;52.4330333;30.8963983;55;136;0;0.008649;3302;0;4137;0;2272;0;5218;0;2922;0;x;
2022-08-10 13:43:23.000;10;74881311654611034;264;863;639;642;5;0;0;1;;52.4330833;30.8964466;58;134;0;0.006454;3302;0;4137;0;2273;0;5218;0;2922;0;x;
2022-08-10 13:43:26.000;9;74881311654611686;266;863;639;642;2;0;0;0;;52.4331300;30.8965300;40;134;0;0.007679;3304;0;4138;0;2273;0;5218;0;2922;0;x;
2022-08-10 13:43:29.000;7;74881311654614330;277;863;639;642;11;0;0;0;;52.4331750;30.8965883;30;133;0;0.006378;3306;0;4138;0;2273;0;5219;0;2922;0;x;
2022-08-10 13:43:32.000;8;74881311654614744;278;863;639;642;1;0;0;0;;52.4332266;30.8966200;8;132;0;0.006129;3306;0;4139;0;2273;0;5219;0;2922;0;x;
2022-08-10 13:43:35.000;8;74881311654615239;280;863;639;642;2;0;0;0;;52.4332816;30.8965983;332;130;0;0.006292;3307;0;4139;0;2273;0;5219;0;2922;0;x;
2022-08-10 13:43:38.000;12;74881311923052371;287;863;640;642;7;0;1;0;;52.4333250;30.8964950;301;128;0;0.008507;3307;0;4140;0;2273;0;5219;0;2922;0;x;
2022-08-10 13:43:41.000;13;74885709970352945;299;866;640;643;12;3;0;1;;52.4333833;30.8963633;308;127;0;0.011037;3309;0;4141;0;2273;0;5219;0;2922;0;x;
2022-08-10 13:43:44.000;14;74894506063379120;314;866;640;645;15;0;0;2;;52.4334599;30.8962233;323;127;0;0.012756;3309;0;4141;0;2274;0;5220;0;2922;0;x;
2022-08-10 13:43:47.000;14;74898904110941636;325;870;640;646;11;4;0;1;;52.4335550;30.8961450;342;125;0;0.011836;3311;0;4142;0;2274;0;5220;0;2922;0;x;
2022-08-10 13:43:50.000;13;74898904111992521;334;874;640;646;9;4;0;0;;52.4336566;30.8961266;1;124;0;0.011369;3311;0;4142;0;2274;0;5221;0;2922;0;x;
2022-08-10 13:43:52.000;11;74898904112261458;361;875;640;646;27;1;0;0;;52.4337450;30.8961766;18;123;0;0.010401;3312;0;4143;0;2274;0;5221;0;2922;0;x;
2022-08-10 13:43:55.000;10;74898904113054865;388;878;640;646;27;3;0;0;;52.4337933;30.8962266;29;123;0;0.006353;3312;0;4143;0;2274;0;5221;0;2922;0;x;
2022-08-10 13:43:55.050;11;74898904113317897;392;879;640;646;4;1;0;0;;52.4338100;30.8962716;55;122;0;0.003572;3314;0;4143;0;2274;0;5221;0;2922;0;x;
2022-08-10 13:43:58.000;11;74898904113320884;403;879;640;646;11;0;0;0;;52.4338283;30.8963783;71;123;0;0.007516;3314;0;4144;0;2274;0;5221;0;2922;0;x;
2022-08-10 13:44:01.000;10;74898904113584851;410;880;640;646;7;1;0;0;;52.4338333;30.8965283;105;124;0;0.010187;3316;0;4144;0;2274;0;5221;0;2923;0;x;
2022-08-10 13:44:04.000;6;74898904650721568;425;881;642;646;15;1;2;0;;52.4338100;30.8966366;116;124;0;0.007788;3316;0;4145;0;2275;0;5222;0;2923;0;x;
2022-08-10 13:44:07.000;0;74898904650721986;426;881;642;646;1;0;0;0;;52.4337850;30.8966916;124;125;0;0.004652;3318;0;4145;0;2275;0;5222;0;2923;0;x;
2022-08-10 13:44:10.000;0;74898904650721986;426;881;642;646;0;0;0;0;;52.4337750;30.8967033;124;125;0;0.001366;3318;0;4146;0;2275;0;5222;0;2923;0;x;
2022-08-10 13:44:13.000;0;74903302965668503;426;881;643;647;0;0;1;1;;52.4337750;30.8967033;124;125;0;0;3320;0;4147;0;2275;0;5222;0;2923;0;x;
2022-08-10 13:44:16.000;0;74903302965668809;427;881;643;647;1;0;0;0;;52.4337750;30.8967033;124;125;0;0;3320;0;4147;0;2275;0;5222;0;2923;0;x;
2022-08-10 13:44:19.000;0;74907701012179820;427;881;643;648;0;0;0;1;;52.4337750;30.8967033;124;125;0;0;3321;0;4148;0;2276;0;5222;0;2923;0;x;
2022-08-10 13:44:22.000;0;74907701012179820;427;881;643;648;0;0;0;0;;52.4338283;30.8967316;3;126;0;0.006231;3323;0;4148;0;2276;0;5223;0;2923;0;x;
2022-08-10 13:44:25.000;0;74907701012179820;427;881;643;648;0;0;0;0;;52.4338366;30.8967266;335;126;0;0.000983;3323;0;4148;0;2276;0;5223;0;2923;0;x;
2022-08-10 13:44:28.000;0;74907701012179820;427;881;643;648;0;0;0;0;;52.4338366;30.8967266;335;126;0;0;3325;0;4148;0;2276;0;5223;0;2923;0;x;
2022-08-10 13:44:31.000;0;74907701012326663;1001;881;643;648;574;0;0;0;;52.4338366;30.8967266;335;126;0;0;3325;0;4149;0;2276;0;5223;0;2923;0;x;
2022-08-10 13:44:34.000;0;74907701012179820;427;881;643;648;-574;0;0;0;;52.4338366;30.8967266;335;126;0;0;3325;0;4149;0;2276;0;5223;0;2923;0;x;
2022-08-10 13:44:37.000;0;74907701012179820;427;881;643;648;0;0;0;0;;52.4338366;30.8967266;335;126;0;0;3325;0;4149;0;2276;0;5223;0;2923;0;x;
2022-08-10 13:44:40.000;0;74907701012179820;427;881;643;648;0;0;0;0;;52.4338366;30.8967266;335;126;0;0;3325;0;4149;0;2276;0;5223;0;2923;0;x;
2022-08-10 13:44:43.000;0;74907701012179820;427;881;643;648;0;0;0;0;;52.4338366;30.8967266;335;126;0;0;3325;0;4149;0;2276;0;5223;0;2923;0;x;
2022-08-10 13:44:46.000;0;74907701012326489;1000;881;643;648;573;0;0;0;;52.4338366;30.8967266;335;126;0;0;3325;0;4149;0;2276;0;5223;0;2923;0;x;
2022-08-10 13:44:49.000;0;74907701012179820;427;881;643;648;-573;0;0;0;;52.4337500;30.8966833;335;126;0;0.01007;3325;0;4149;0;2276;0;5223;0;2923;0;x;
2022-08-10 13:44:52.000;0;74907701012179820;427;881;643;648;0;0;0;0;;52.4337366;30.8966850;226;126;0;0.001495;3325;0;4149;0;2276;0;5223;0;2923;0;x;
2022-08-10 13:44:55.000;0;74907701012179820;427;881;643;648;0;0;0;0;;52.4337300;30.8966950;226;126;0;0.000999;3325;0;4149;0;2276;0;5223;0;2923;0;x;
2022-08-10 13:44:58.000;0;74907701012179820;427;881;643;648;0;0;0;0;;52.4337300;30.8966950;226;126;0;0;3325;0;4149;0;2276;0;5223;0;2923;0;x;
2022-08-10 13:45:01.000;0;74907701012326489;1000;881;643;648;573;0;0;0;;52.4337300;30.8966950;226;126;0;0;3325;0;4149;0;2276;0;5223;0;2923;0;x;
2022-08-10 13:45:04.000;0;74907701012179820;427;881;643;648;-573;0;0;0;;52.4337300;30.8966950;226;126;0;0;3325;0;4149;0;2276;0;5223;0;2923;0;x;
2022-08-10 13:45:07.000;0;74907701012179820;427;881;643;648;0;0;0;0;;52.4337300;30.8966950;226;126;0;0;3325;0;4149;0;2276;0;5223;0;2923;0;x;
2022-08-10 13:45:10.000;0;74907701012179820;427;881;643;648;0;0;0;0;;52.4337300;30.8966950;226;126;0;0;3325;0;4149;0;2276;0;5223;0;2923;0;x;
2022-08-10 13:45:13.000;0;74907701012179820;427;881;643;648;0;0;0;0;;52.4337300;30.8966950;226;126;0;0;3325;0;4149;0;2276;0;5223;0;2923;0;x;
2022-08-10 13:45:16.000;0;74907701012179820;427;881;643;648;0;0;0;0;;52.4337300;30.8966950;226;126;0;0;3325;0;4149;0;2276;0;5223;0;2923;0;x;
2022-08-10 13:45:19.000;0;74907701012179820;427;881;643;648;0;0;0;0;;52.4337300;30.8966950;226;126;0;0;3325;0;4149;0;2276;0;5223;0;2923;0;x;
2022-08-10 13:45:22.000;0;74907701012179820;427;881;643;648;0;0;0;0;;52.4337300;30.8966950;226;126;0;0;3325;0;4149;0;2276;0;5223;0;2923;0;x;
2022-08-10 13:45:25.000;0;74907701012179820;427;881;643;648;0;0;0;0;;52.4337300;30.8966950;226;126;0;0;3325;0;4149;0;2276;0;5223;0;2923;0;x;
2022-08-10 13:45:28.000;0;74907701012179820;427;881;643;648;0;0;0;0;;52.4337300;30.8966950;226;126;0;0;3325;0;4149;0;2276;0;5223;0;2923;0;x;
2022-08-10 13:45:31.000;0;74907701012179820;427;881;643;648;0;0;0;0;;52.4337300;30.8966950;226;126;0;0;3325;0;4149;0;2276;0;5223;0;2923;0;x;
2022-08-10 13:45:34.000;0;74907701012179820;427;881;643;648;0;0;0;0;;52.4337300;30.8966950;226;126;0;0;3325;0;4149;0;2276;0;5223;0;2923;0;x;
2022-08-10 13:45:37.000;0;74907701012179820;427;881;643;648;0;0;0;0;;52.4337300;30.8966950;226;126;0;0;3325;0;4149;0;2276;0;5223;0;2923;0;x;
2022-08-10 13:45:40.000;0;74907701012179820;427;881;643;648;0;0;0;0;;52.4337300;30.8966950;226;126;0;0;3325;0;4149;0;2276;0;5223;0;2923;0;x;
2022-08-10 13:45:43.000;0;74907701012179820;427;881;643;648;0;0;0;0;;52.4337300;30.8966950;226;126;0;0;3325;0;4149;0;2276;0;5223;0;2923;0;x;
2022-08-10 13:45:46.000;0;74907701012179820;427;881;643;648;0;0;0;0;;52.4337300;30.8966950;226;126;0;0;3325;0;4149;0;2276;0;5223;0;2923;0;x;
2022-08-10 13:45:49.000;0;74907701012179820;427;881;643;648;0;0;0;0;;52.4337300;30.8966950;226;126;0;0;3325;0;4149;0;2276;0;5223;0;2923;0;x;
2022-08-10 13:45:52.000;0;74907701012179820;427;881;643;648;0;0;0;0;;52.4337300;30.8966950;226;126;0;0;3325;0;4149;0;2276;0;5223;0;2923;0;x;
2022-08-10 13:45:55.000;0;74907701012179820;427;881;643;648;0;0;0;0;;52.4337300;30.8966950;226;126;0;0;3325;0;4149;0;2276;0;5223;0;2923;0;x;
2022-08-10 13:45:58.000;0;74907701012179820;427;881;643;648;0;0;0;0;;52.4337300;30.8966950;226;126;0;0;3325;0;4149;0;2276;0;5223;0;2923;0;x;
2022-08-10 13:46:01.000;0;74907701012179820;427;881;643;648;0;0;0;0;;52.4337300;30.8966950;226;126;0;0;3325;0;4149;0;2276;0;5223;0;2923;0;x;
2022-08-10 13:46:04.000;0;74907701012179820;427;881;643;648;0;0;0;0;;52.4337300;30.8966950;226;126;0;0;3325;0;4149;0;2276;0;5223;0;2923;0;x;
2022-08-10 13:46:07.000;0;74907701012179820;427;881;643;648;0;0;0;0;;52.4337300;30.8966950;226;126;0;0;3325;0;4149;0;2276;0;5223;0;2923;0;x;
2022-08-10 13:46:10.000;0;74907701012179820;427;881;643;648;0;0;0;0;;52.4337300;30.8966950;226;126;0;0;3325;0;4149;0;2276;0;5223;0;2923;0;x;
2022-08-10 13:46:13.000;0;74907701012179820;427;881;643;648;0;0;0;0;;52.4337300;30.8966950;226;126;0;0;3325;0;4149;0;2276;0;5223;0;2923;0;x;
2022-08-10 13:46:16.000;0;74907701012179820;427;881;643;648;0;0;0;0;;52.4337300;30.8966950;226;126;0;0;3325;0;4149;0;2276;0;5223;0;2923;0;x;
2022-08-10 13:46:19.000;0;74907701043637113;427;1001;643;648;0;120;0;0;;52.4337300;30.8966950;226;126;0;0;3325;0;4149;0;2276;0;5223;0;2923;0;x;
2022-08-10 13:46:22.000;0;74907701012179820;427;881;643;648;0;-120;0;0;;52.4337300;30.8966950;226;126;0;0;3325;0;4149;0;2276;0;5223;0;2923;0;x;
2022-08-10 13:46:25.000;0;74907701012179820;427;881;643;648;0;0;0;0;;52.4337300;30.8966950;226;126;0;0;3325;0;4149;0;2276;0;5223;0;2923;0;x;
